tns_name,internam_names,radeg,decdeg,redshift,discovery_date,discovery_mag,type
SN2022aaad,"ATLAS22blqr,ZTF22abtjefa,,PS23bk",117.444284321,73.6594456228,0.01,2022-11-12 13:43:32.160,16.145,SN II
SN2022aacn,"ZTF22abtmrfr,ATLAS22bltw,PS22lmu,Gaia23ari",11.110125,7.374439,0.017522,2022-11-13 06:50:07.999,18.3968,SN II
SN2022aagp,"ZTF22abtspsw,ATLAS22blxx,PS23aoe",137.674602984,7.20564145452,0.004908,2022-11-14 09:25:37.998,15.7649,SN II
SN2022aahg,"ZTF22abttbmf,PS22nih",156.001074766,-18.5547509846,0.017,2022-11-14 11:43:41.088,18.8464,SN II
SN2022aaix,"ZTF22abtztxv,Gaia23aby",134.275667,-20.0332,0.018556,2022-11-15 10:36:20.998,18.5717,SN II
SN2022aapf,"ZTF22abunrdy,ATLAS23aap,PS23azu",202.456518044,-1.43078971133,0.02128,2022-11-17 13:07:24.997,17.4549,SN II
SN2022aapg,"ZTF22abunrnh,ATLAS23aad,PS23bgs",202.230971859,-2.26289012905,0.013,2022-11-17 13:07:24.997,17.1311,SN II
SN2022aasd,"ZTF22abvaxqi,ATLAS22bmgi,PS22mqj",195.38082479,36.4966144923,0.036,2022-11-16 12:20:55.997,18.3683,SN II
SN2022aatu,"ZTF22abtsybt,ATLAS22bmpy,PS23aep",132.828830899,1.45800653455,0.0386,2022-11-14 11:11:02.400,19.14,SN II
SN2022aatx,"ZTF22abulusd,ATLAS22bmiz,PS22lra",138.81383361,11.8846363028,0.017,2022-11-19 10:39:21.600,17.87,SN II
SN2022aayf,"ZTF22abvcdmu,ATLAS22bmlg",351.35034664444,-20.736890822222,0.0424,2022-11-19 04:03:21.600,19.16,SN II
SN2022aber,"ZTF22abtomri,ATLAS22bmuq",155.35542405,67.53436385,0.04,2022-11-18 11:16:42.004,20.279,SN II
SN2022abgs,"ATLAS22bmfv,ZTF22abvmfrq",165.7508478,-16.2888023,0.013006,2022-11-18 07:51:54.144,17.213,SN II
SN2022abln,",ZTF22abyomle",223.5342609,73.134512,0.02418,2022-11-24 18:55:00.000,17.8,SN II
SN2022abq,"Ric7-2022abqGBObs,ATLAS22cks,Gaia22amp,ZTF22aaacxkp,PS22bry",200.73675,28.319131,0.007979,2022-01-21 01:12:01.000,16.2,SN II
SN2022abwk,"ZTF22abxlqol,ATLAS23anm,Gaia23aoe,PS23bws",206.933292,17.712419,0.026235,2022-11-26 12:57:41.184,19.5034,SN II
SN2022acbf,"ZTF22abxgnre,ATLAS22bnky,PS22mjw",75.5587479376,-12.8746069432,0.015,2022-11-26 08:02:29.996,19.3978,SN II
SN2022acbu,"ZTF22abxomzd,ATLAS22bnfc,PS22mqx,Gaia23acu",37.679833,-2.932489,0.01915,2022-11-30 05:19:40.800,20.34,SN II
SN2022acfz,"ATLAS22bngp,PS22mqy,ZTF22abybbud",114.396896317,35.605512282,0.013343,2022-11-30 11:24:44.064,18.006,SN II
SN2022acge,"ATLAS22bnjm,ZTF22abyoomc,PS23ml",185.859018997,-17.9808312951,0.025,2022-12-02 01:12:39.744,18.339,SN II
SN2022ackj,"ZTF22abqvqie,PS22mqg",133.790185818,57.3512258288,0.026,2022-10-26 10:22:52.320,20.8063,SN II
SN2022acko,"DLT22v,ATLAS22bnms,ZTF22abyivoq,,PS22mpv,Gaia23aap",49.912458,-19.395189,0.005264,2022-12-06 03:52:50.880,16.5406,SN II
SN2022acme,"PS22mjo,ZTF23aaabpao,ATLAS23aje",157.916124716,-18.5186729619,0.05,2022-12-01 14:39:36.576,21.39,SN II
SN2022acmq,"ZTF22abyiisu,ATLAS23baz",348.67649543333,21.0919752,0.031732,2022-12-09 04:35:02.400,18.91,SN II
SN2022acmt,"ZTF22abyivor,ATLAS22bnpp,Gaia23abe,PS23lx",48.982458,-18.085089,0.045,2022-12-09 05:32:38.400,18.62,SN II
SN2022acri,"ZTF22abyokkf,ATLAS23bcg,Gaia23amp",218.579875,25.882061,0.021728,2022-12-10 12:22:53.000,18.1842,SN II
SN2022acrl,"ZTF22abyohff,ATLAS23agb,PS23vm",173.587595786,15.6636974111,0.0173,2022-12-10 11:56:40.001,18.411,SN II
SN2022acwe,"ZTF22abyivxh,PS22mps,ATLAS22bnqt,Gaia23acd",37.030042,-5.72695,0.03029,2022-12-09 05:32:42.720,18.5161,SN II
SN2022acwn,"ATLAS22bnqh,ZTF22abyttje,Gaia23bda,PS23azb",98.372625,34.2436,0.015,2022-12-13 11:53:27.744,18.298,SN II
SN2022acwt,ZTF22abyllwi,312.3452174,21.1747112,0.02,2022-12-10 03:08:38.400,17.63,SN II
SN2022acyd,"ZTF22abysshb,ATLAS22bnte,Gaia23afm,PS23r",60.297333,5.54855,0.033,2022-12-15 05:57:07.200,18.3,SN II
SN2022aczs,"ZTF22abyrvsz,ATLAS22bnxl,Gaia22epp",31.332625,-23.698189,0.0304,2022-12-15 05:03:03.001,18.1506,SN II
SN2022adi,"ZTF22aaaepmu,ATLAS22dwu,PS22dyz",233.209786116,27.0392564853,0.031,2022-01-21 12:57:15.998,19.6111,SN II
SN2022adr,"ZTF22aaaehtn,ATLAS22daw,Gaia22aqk,PS22bwc",221.295708,-5.735681,0.022,2022-01-21 11:08:46.000,18.9366,SN II
SN2022adth,ZTF22abzqwmp,153.9164055,45.9403188,0.0306,2022-12-20 10:44:26.998,19.0331,SN II
SN2022adtt,"ZTF22abzdzek,ATLAS23alb",18.522052866666666,38.11811576666667,0.027,2022-12-19 05:28:43.003,19.7917,SN II
SN2022aduz,ZTF22acaexru,146.57412714999998,5.7101007500000005,0.01,2022-12-22 09:06:07.001,18.7161,SN II
SN2022advo,"ZTF22acahury,Gaia23akr,ATLAS23dsl",222.694875,73.821739,0.023293,2022-12-22 11:28:11.001,17.7545,SN II
SN2022advr,"ZTF22acahbko,ATLAS22bohr,PS23mb",155.704120193,3.75522853311,0.03,2022-12-22 10:29:33.000,19.7714,SN II
SN2022adzl,"ZTF22acbacvy,ATLAS22bofo,PS23bas",203.004500482,-19.2134960216,0.024,2022-12-24 12:38:28.997,18.9186,SN II
SN2022aedu,",ZTF23aaaahhb,Gaia23adi,ATLAS23ajl",357.767,20.155769,0.0146,2022-12-31 09:13:24.000,16.9,SN II
SN2022aefe,"Gaia23aam,ZTF22acaunur,ATLAS23bck",228.008875,21.296239,0.016055,2022-12-31 13:46:33.600,18.73,SN II
SN2022aegi,"ZTF22acaipkl,Gaia23aly",238.607208,4.026319,0.035,2022-12-22 13:33:35.000,19.35,SN II
SN2022aek,"PS22sd,ATLAS22cqz,ZTF22aaafjir,ZTF22aaayceh",192.698106587,77.3139261926,0.03468,2022-01-21 13:20:38.400,19.52,SN II
SN2022aey,"ZTF22aaaehzu,ATLAS22dav,Gaia22aou,PS22ceu",241.034125,29.462161,0.015,2022-01-21 11:25:26.400,18.4,SN II
SN2022akd,"ATLAS22csy,ZTF22aaabmmc",161.7730252,47.3615426,0.037,2022-01-25 12:14:24.000,18.939,SN II
SN2022alw,"ATLAS22ctr,PS22aoq,ZTF22aaabpqn",116.170653056,44.1464255699,0.038287,2022-01-26 10:40:48.000,18.809,SN II
SN2022ame,",ATLAS22dap,ZTF22abeddzm",48.3896021,-25.7225203,0.0056,2022-01-27 12:08:18.000,17.3,SN II
SN2022and,"ATLAS22cwl,PS22agq,ZTF22aaaifcx",150.02755416,3.75714275086,0.043,2022-01-27 10:49:26.400,18.965,SN II
SN2022ano,"ATLAS22cyq,PS22ajz,ZTF22aaaiyzf",156.497848182,18.7289633065,0.039,2022-01-27 10:56:38.400,18.71,SN II
SN2022anz,"ATLAS22daj,ZTF22aaagxsz,Gaia22atw",30.454333,45.690539,0.023,2022-01-26 07:04:48.000,18.333,SN II
SN2022aqm,"Gaia22aiv,ZTF22aaaifln",68.309125,76.566431,0.0263,2022-01-26 23:19:40.800,18.69,SN II
SN2022ars,"ATLAS22dna,ZTF22aaamnjm",81.7678432,43.521766799999995,0.026,2022-01-29 07:40:48.000,18.947,SN II
SN2022aya,"PS22agu,ATLAS22efz,ZTF22aaavods",105.884377426,18.212027761,0.0268,2022-01-29 06:28:48.000,19.87,SN II
SN2022bcf,"ATLAS22dxh,PS22aqd,ZTF22aaagtej,Gaia22aqw",70.419,-8.706569,0.016,2022-01-31 05:48:28.800,18.681,SN II
SN2022bid,"ATLAS22eki,ZTF22aaafjoc,PS22ccd,Gaia22bdi",173.884,49.091831,0.039,2022-02-03 12:11:31.200,18.54,SN II
SN2022bke,"ATLAS22epa,ZTF22aaakxyo,Gaia22aqa,PS22jdw",48.796417,-7.494739,0.0317,2022-02-04 05:09:36.000,18.405,SN II
SN2022bl,"ATLAS22akl,ZTF22aaaedvr,PS22auu,Gaia22aoy",208.542042,9.411269,0.022866,2022-01-05 14:11:02.400,17.947,SN II
SN2022bse,"ATLAS22fkh,ZTF22aaahesb,PS22bnf",105.259578355,51.265466359,0.020954,2022-02-09 08:23:15.072,18.998,SN II
SN2022btu,"ATLAS22fmz,ZTF22aaaooyv,Gaia22aqz,PS22dwp",193.560167,-24.43395,0.01,2022-02-10 00:50:10.176,18.84,SN II
SN2022byi,ZTF22aaafpbi,261.8838496,12.4315176,0.02,2022-02-11 12:11:31.200,18.26,SN II
SN2022cap,"ZTF22aaagrqi,Gaia22apd,PS22hch",26.656583,-3.770081,0.017859,2022-02-12 03:15:50.400,17.12,SN II
SN2022cat,"ZTF22aaahhbo,ATLAS22gbq",104.5573266,49.0342563,0.045,2022-02-12 05:44:09.600,18.93,SN II
SN2022cek,"ZTF22aaambwy,PS22bio,ATLAS22gna,Gaia22ata",76.3935,11.55355,0.033,2022-02-13 05:08:09.600,19.05,SN II
SN2022ces,"PS22bcz,ZTF22aaaowlo",208.560559453,-1.4429268619,0.024193,2022-02-12 14:23:02.112,18.57,SN II
SN2022csd,ZTF22aaawghw,155.3830965,8.4055295,0.0326679982,2022-02-19 08:05:42.720,19.5131,SN II
SN2022cvp,"ZTF22aabjpii,ATLAS22gww,PS22drn",221.127118968,18.7343569762,0.044,2022-02-20 10:29:50.997,19.3141,SN II
SN2022cvs,"ZTF22aaajrap,PS22bng",204.875001325,39.0549125366,0.027,2022-02-20 08:50:15.996,19.8234,SN II
SN2022cz,"ATLAS22apg,ZTF22aaaeilq",152.636117,-23.9785057,0.031712,2022-01-06 15:11:31.200,18.579,SN II
SN2022dbk,"ATLAS22gvj,ZTF22aabrkjs",42.1096627,50.7574341,0.016455,2022-02-23 06:26:36.672,18.529,SN II
SN2022dml,"ZTF22aabzsqo,ATLAS22hvp,PS22bzm,Gaia22bmo",244.371333,14.41795,0.03,2022-02-27 10:49:26.400,18.53,SN II
SN2022dv,"ATLAS22aru,Gaia22aej,PS22xt,ZTF22aaahahx",57.128583,0.892481,0.025,2022-01-07 07:43:40.800,19.262,SN II
SN2022ec,"ATLAS22ary,Gaia22agr,PS22akl,ZTF22aaaelju",216.279833,-13.164939,0.011294,2022-01-07 14:51:21.600,18.835,SN II
SN2022etp,"ATLAS22jcg,ZTF22aadfnrx,ZTF22aafvbai,Gaia22chf",215.543083,25.098811,0.038667,2022-03-13 11:28:50.304,18.894,SN II
SN2022eui,"ATLAS22jcw,ZTF18aazjflo,Gaia22blb",231.464167,38.77055,0.044142,2022-03-11 10:07:32.160,18.676,SN II
SN2022ewy,"ATLAS22jhc,ZTF22aadidwa,Gaia22bpf",81.774667,5.713169,0.028,2022-03-18 06:10:29.856,18.423,SN II
SN2022exf,"ATLAS22jhz,ZTF22aadewot,PS22eqe",222.332051971,23.1467205111,0.036,2022-03-20 12:06:08.064,18.458,SN II
SN2022eyu,"ATLAS22jlk,PS22cgc,ZTF22aadoypp",173.705651139,11.2534753863,0.036,2022-03-22 11:31:33.600,18.567,SN II
SN2022fab,"ATLAS22jmg,ZTF22aadfbbs,ZTF22aafunab,Gaia22cau",185.665167,27.746669,0.024,2022-03-23 11:00:36.000,18.565,SN II
SN2022fae,"ATLAS22jmv,ZTF22aadmbfq",152.8652786,-26.5844547,0.042,2022-03-23 03:38:38.112,18.914,SN II
SN2022ffg,"ATLAS22jsz,PS22clj,ZTF22aadksbz,ZTF22aafxzfb,Gaia22bxs",153.450958,18.127319,0.012,2022-03-26 07:21:12.096,18.78,SN II
SN2022fny,"ATLAS22kgw,ZTF22aadolby,PS22dks",270.03189057,68.5868111332,0.02,2022-03-31 14:15:33.696,18.862,SN II
SN2022fps,"ATLAS22kig,ZTF22aaddtiu,PS22ctv,ZTF22aaftjpg,Gaia22cby",202.588542,30.297269,0.03735,2022-03-31 11:19:31.296,19.349,SN II
SN2022fqe,"ATLAS22kko,ZTF22aaemoot,PS22dov",237.100361698,-13.7591559819,0.025,2022-04-01 12:46:02.208,17.96,SN II
SN2022frq,"ZTF22aadnqsf,ATLAS22kst,ZTF22aaganrm,Gaia22ctr",201.987,-13.416481,0.022579,2022-04-02 08:30:50.996,18.8276,SN II
SN2022fsy,"ZTF22aaddwlv,ZTF22aaftnrt",170.8883975,39.7874098,0.0217,2022-04-02 08:55:12.288,20.1031,SN II
SN2022giv,"ZTF18aaqkywr,ATLAS22lma,PS22dhd",185.812140596,51.1912069055,0.03118,2022-04-02 10:18:00.288,19.5047,SN II
SN2022gjo,"ZTF22aaedebi,ATLAS22mum,ZTF22aagpxll,PS22edv,Gaia22cbh",283.097417,73.190489,0.024874,2022-04-04 08:12:28.800,18.9,SN II
SN2022gkd,"ZTF22aaeasul,ZTF22aagnxfy",203.0559838,-22.6289373,0.030248,2022-04-03 07:31:58.368,19.3812,SN II
SN2022gnr,"ZTF22aaegxpa,ATLAS22miv,PS22edx,ZTF22aagqsna,Gaia22cgt",326.166792,2.228139,0.0401,2022-04-04 12:14:24.000,18.6,SN II
SN2022gwg,"ZTF22aaevwec,ATLAS22ljj,PS22dgh",207.607049893,68.5550610234,0.031218,2022-04-07 09:29:59.997,18.7421,SN II
SN2022hna,"ZTF19abkxeft,ATLAS22lmk",238.0960003,61.3873002,0.0368,2022-04-10 06:52:37.920,18.774,SN II
SN2022hql,"ZTF22aafsqud,ATLAS22mnb",207.02587985,12.074962549999999,0.023,2022-04-15 07:09:27.996,18.541,SN II
SN2022hss,"ATLAS22mhs,PS22dkl,ZTF22aagvgwl,Gaia22cbi",186.409958,7.1925,0.025,2022-04-18 05:04:56.928,18.215,SN II
SN2022iea,"ATLAS22mqs,ZTF22aahhrks,PS22enb",205.406416591,14.2937420496,0.0426,2022-04-23 08:31:39.648,18.875,SN II
SN2022iek,"ZTF22aahgubb,ATLAS22mvp,Gaia22byd",160.316833,6.358589,0.021,2022-04-24 04:35:52.996,19.3181,SN II
SN2022igz,"ZTF22aahjcmv,PS22ejp",242.242106399,27.1665393947,0.0314,2022-04-14 09:21:59.328,20.4448,SN II
SN2022iid,"ZTF22aahnkdv,ATLAS22mzh,Gaia22cmj,PS22hav",273.911208,73.135,0.014,2022-04-25 10:16:28.998,17.1819,SN II
SN2022iir,"ZTF22aahhgfx,PS22eno",201.143857328,15.4370449604,0.008,2022-04-25 08:56:06.003,19.4996,SN II
SN2022ikc,"ZTF22aahibvx,PS22dvk,ATLAS22neo",220.035087806,0.906996861098,0.0343,2022-04-24 07:33:36.000,19.62,SN II
SN2022inn,"ZTF22aahwmww,ATLAS22oez,Gaia22ckx",170.362792,63.0235,0.010837,2022-04-27 04:55:20.001,19.0463,SN II
SN2022iob,"ZTF22aahyqkz,ATLAS22olu",287.654509,37.6551931,0.028,2022-04-27 10:22:16.032,19.8703,SN II
SN2022irp,"ZTF22aaialae,ATLAS22nga",134.197793,29.9229834,0.033047,2022-04-28 04:17:45.600,19.14,SN II
SN2022jc,"ATLAS22bgv,ZTF22aaaepao,Gaia22aqi,PS22cas",237.606875,6.77065,0.024775,2022-01-09 15:23:02.400,18.546,SN II
SN2022jdf,"ZTF22aaitzvr,ATLAS22nks,PS22eoi",229.617675776,5.23966365306,0.04,2022-05-01 07:08:05.001,19.6853,SN II
SN2022jnq,"ZTF22aajhyin,ATLAS22nzp,PS22ehn",196.124499304,3.67222747045,0.03,2022-05-08 06:03:41.996,19.5334,SN II
SN2022jnw,"ZTF22aajhlaj,ATLAS22ntz,PS22eeb,Gaia22clh",189.537917,71.416519,0.023583,2022-05-08 04:14:59.997,18.5171,SN II
SN2022jnz,"ZTF22aajeyek,ATLAS22nud,PS22ecu",280.681316227,47.8836027148,0.05,2022-05-02 09:50:22.004,21.0903,SN II
SN2022joe,"ZTF22aajipum,PS22ebp,ATLAS22orm",217.336029494,-22.9359870257,0.025858,2022-05-08 06:33:07.200,19.82,SN II
SN2022joy,"ZTF22aajhkpo,ATLAS22nvf,PS22egj,Gaia22cij",175.813208,32.852431,0.0333359987,2022-05-09 05:43:35.040,19.1066,SN II
SN2022jps,"ATLAS22ntc,ZTF22aajjawt,PS22eez,Gaia22cis",242.560208,36.214281,0.027,2022-05-09 10:08:02.400,18.163,SN II
SN2022jpw,"ZTF22aajlsrh,ATLAS22nvs,Gaia22dvi",272.190375,3.990039,0.031,2022-05-09 09:04:28.004,17.978,SN II
SN2022jtc,"ZTF22aajsdkt,ATLAS22oak,PS22fzn",268.96017282,1.33558578704,0.02,2022-05-11 09:07:30.999,19.535,SN II
SN2022juw,"ZTF22aajuufc,ATLAS22nxy,Gaia22cjc",127.631125,18.2038,0.028,2022-05-13 04:26:24.000,18.59,SN II
SN2022jux,"ZTF22aajutqu,PS22een",121.842737425,40.3929995709,0.026358,2022-05-13 04:24:57.600,18.96,SN II
SN2022jzc,"ZTF22aakdbia,ATLAS22nyt,Gaia22cjh",181.369458,50.526889,0.0029,2022-05-16 04:53:45.600,17.8,SN II
SN2022jzx,"ATLAS22oas,MASTER OT J010209.83-041406.8,Gaia22ctu,ZTF22aapubaf,PS22hcg",15.541083,-4.235169,0.017,2022-05-16 09:51:33.984,16.888,SN II
SN2022kad,"ATLAS22obx,ZTF22aakdqqg,PS22exe",224.680536616,11.6308099936,0.01991,2022-05-17 11:55:05.376,17.861,SN II
SN2022kbm,"ZTF22aakaygk,PS22eje,ATLAS22okl,Gaia22cxp",246.326333,9.02035,0.03,2022-05-15 07:21:31.000,18.7088,SN II
SN2022kbn,"ZTF22aajowwt,PS22ehd,ATLAS22otf",220.859729955,-14.3339836512,0.04106,2022-05-10 08:02:24.000,18.77,SN II
SN2022kbu,"ATLAS22ocm,Gaia22caa,ZTF22aapucey,PS22hkz",359.47925,-14.042039,0.0301,2022-05-18 09:02:07.008,18.538,SN II
SN2022kdr,"ZTF22aakiafr,PS22egn,ATLAS22vif",270.350410541,73.8624868959,0.04,2022-05-19 07:09:42.002,20.1031,SN II
SN2022kpm,"ZTF22aakvfvr,ZTF22aakqdrn",181.7947527,13.2493168,0.0211,2022-05-13 06:50:23.000,19.54,SN II
SN2022kye,"PS22epo,ZTF22aamrkns,ATLAS22qhm,Gaia22cod",315.4495,-19.536331,0.041,2022-05-25 12:40:34.752,20.76,SN II
SN2022lez,"ZTF22aaliisa,PS22esk",242.661149705,19.0563008062,0.036,2022-05-28 06:09:02.592,19.7515,SN II
SN2022lic,"Gaia22bzq,ZTF22aanyggd,ATLAS22qst,PS22gou",355.761667,6.665161,0.04,2022-05-06 11:16:48.000,18.69,SN II
SN2022lmf,"PS22etn,ATLAS22qdf,ZTF22aamgpzz",303.771879973,-16.3292554113,0.0265,2022-05-31 12:38:39.840,20.07,SN II
SN2022lsh,"ATLAS22ppi,Gaia22cvf,PS22gud,ZTF22ababhmy",29.626417,-26.284581,0.01511,2022-06-01 03:38:21.696,18.625,SN II
SN2022lzn,"ZTF22aamssbr,ATLAS22qee,PS22fgk",190.74694905,48.3704120715,0.03,2022-06-03 05:38:24.000,20.22,SN II
SN2022mci,"ATLAS22qec,Gaia22crv,ZTF22aanrsaa",157.547917,43.362761,0.013856,2022-06-05 06:06:26.208,18.477,SN II
SN2022mhm,"ZTF22aanmbrl,Gaia22ctd,ATLAS22svz",36.751417,42.8099,0.027,2022-06-07 11:22:33.600,18.11,SN II
SN2022mji,"ATLAS22qnq,Gaia22cpw,ZTF22aanrqje,PS22klw",145.725292,31.850989,0.004,2022-06-09 06:21:10.080,17.361,SN II
SN2022mm,"ATLAS22bjw,PS22aam,Gaia22ajy,ZTF22aaanfhy",179.604667,-14.519861,0.013,2022-01-11 15:31:40.800,17.35,SN II
SN2022mmr,"ZTF22aanzbru,ATLAS17kym,PS22gpg",352.972343199,-5.01217962731,0.0173,2022-06-10 10:13:44.000,20.2819,SN II
SN2022mxv,"ATLAS22qxp,ZTF22aaolwsd,,Gaia22dfc,PS22hho",357.771375,20.152481,0.014046,2022-06-18 13:05:36.384,18.249,SN II
SN2022myi,"ZTF22aaokebo,ATLAS22rft,PS22fzm,Gaia22dax",277.329708,29.478989,0.05,2022-06-13 07:26:20.000,19.9074,SN II
SN2022nah,"ATLAS22qyk,Gaia22ctv,ZTF22aaytppn,PS22jfb",11.737125,-21.847111,0.021435,2022-06-19 07:37:19.776,17.81,SN II
SN2022nce,"ATLAS22rbm,PS22hhq,ZTF22abajtwj",37.3143258476,-22.1379079107,0.036822,2022-06-19 09:46:16.896,18.671,SN II
SN2022ngt,"ZTF22aaoxhuh,PS22gcg",241.935953593,67.9544186082,0.02,2022-06-22 07:23:05.997,19.759,SN II
SN2022niw,"ZTF22aapargp,ATLAS22rlk,PS22gjp",239.320005206,19.4744879216,0.033,2022-06-23 06:42:00.003,19.69,SN II
SN2022nnx,"ZTF22aapjrvz,ATLAS22sdt,PS22hez",355.932580817,5.82739787869,0.035,2022-06-25 10:25:19.001,18.8641,SN II
SN2022nzx,"Gaia22csk,ATLAS22spc,ZTF22aaptzap,PS22hwy",22.9445,33.616111,0.0166549999,2022-06-29 08:39:50.400,18.55,SN II
SN2022oey,"ZTF22aarynsk,Gaia22cxy,ATLAS22zwi,",57.121,70.136869,0.004,2022-07-04 11:04:39.000,17.2876,SN II
SN2022oic,"ATLAS22srs,Gaia22cvk,ZTF22aaygscd,PS22hak",45.977333,10.521719,0.025,2022-07-04 14:13:48.288,18.341,SN II
SN2022okz,"ATLAS22sxg,ZTF22aasoxwu,PS22gyz",18.4830124522,30.1555298408,0.034,2022-07-06 13:31:48.000,19.253,SN II
SN2022omr,"ZTF22aasojye,ATLAS22vil,Gaia22dbw",355.42125,50.049711,0.023,2022-07-08 09:16:05.002,19.3793,SN II
SN2022ooh,"ATLAS22tdf,ZTF22aaxbape,Gaia22dhe,PS22haa",28.31125,-13.741611,0.035,2022-07-08 14:17:19.104,18.22,SN II
SN2022oor,"ZTF22aaslyzf,ATLAS22vaj,PS22hcq",226.124192214,2.33856133877,0.031968,2022-07-09 07:56:21.984,19.1609,SN II
SN2022ovb,"ZTF22aativsd,ATLAS22uxb,PS22gco,Gaia22ddj",335.623125,36.004961,0.0183,2022-07-14 09:49:22.656,18.4606,SN II
SN2022ow,"ATLAS22bnk,Gaia22adq,ZTF22aaaepck,PS22dhb",241.557292,17.955619,0.038587,2022-01-12 14:52:48.000,18.597,SN II
SN2022oyp,"ZTF22aattfmb,PS22gha,Gaia22dhy,ATLAS22zwj",271.304875,46.880419,0.02349,2022-07-17 05:24:48.004,19.6437,SN II
SN2022pfx,"ZTF22aaudjgc,ATLAS22vgo,PS22hcr",327.711996789,-0.846931588756,0.028,2022-07-22 07:39:38.016,17.869,SN II
SN2022phj,"ZTF22aavbcky,ATLAS22vub,PS22gob",359.953236957,-15.71510989,0.039,2022-07-22 11:00:49.997,18.8669,SN II
SN2022pjs,"ATLAS22vuy,ZTF22aavcvgd,PS22gyx",270.967778845,61.8939931724,0.029,2022-07-23 09:11:57.984,18.715,SN II
SN2022pox,"KATS22O002,ZTF22aavpkwo,ATLAS22wxq,PS22grp",270.191071159,31.0723103477,0.03,2022-07-23 18:05:02.000,17.903,SN II
SN2022pru,"ASASSN-22jo,ATLAS22zsp,Gaia22dpj,ZTF22aaywnyg,PS22lhq",179.781875,52.699581,0.003606,2022-07-27 03:07:12.000,16.3,SN II
SN2022prv,"PS22gjh,ZTF22aavobvq,ATLAS22wpl,Gaia22dte",235.032292,20.675469,0.015101,2022-07-27 07:40:09.984,18.73,SN II
SN2022pux,"ZTF22aaxgujq,ATLAS22xjf,PS22hbo,,Gaia22eaa",320.282708,23.082919,0.015704,2022-07-28 09:14:53.998,17.935,SN II
SN2022pv,"ATLAS22boa,PS22aop,ZTF22aaaeljw",216.28655135,-13.15743935,0.011294,2022-01-13 15:20:09.600,19.165,SN II
SN2022pzh,ZTF22aawptbl,4.0796795,45.13759,0.045,2022-07-26 10:48:00.000,20.48,SN II
SN2022qhc,"ZTF22aaxzzoc,ATLAS22xtw,PS22gsk",259.146415033,7.32901895235,0.022476,2022-07-31 05:28:20.997,19.152,SN II
SN2022qi,"PS22ii,ATLAS22dfo,ZTF22aaahorb",97.9495905719,-17.6216218705,0.021,2022-01-13 09:21:36.000,19.03,SN II
SN2022qkt,"ZTF22aakjgru,ATLAS22band",97.30165271999999,37.09335466,0.025,2022-08-02 11:45:27.999,18.2857,SN II
SN2022quh,"ZTF22aazjqtu,ATLAS22zra,PS22jlq",46.1728133184,5.98934381178,0.03,2022-08-04 10:13:26.400,19.09,SN II
SN2022qxp,ZTF22aayubvt,46.7768966,-5.9581926,0.019,2022-08-07 11:28:07.000,19.1635,SN II
SN2022raj,"ZTF22aazmrpx,ATLAS22zqv,PS22gyj,Gaia22dnr",30.823042,29.234689,0.0155,2022-08-05 11:16:35.040,20.1987,SN II
SN2022rd,"ATLAS22bpn,ZTF22aaaeobr,PS22bku",220.416977472,36.7371897223,0.030334,2022-01-11 14:13:55.200,18.875,SN II
SN2022rfz,"ZTF22abadzpo,ATLAS22zvk,PS22hdu",260.584972941,2.016119366,0.029627,2022-08-13 04:25:13.000,19.475,SN II
SN2022rgd,"ZTF22abaegxq,ATLAS22bagi,Gaia22dmu,PS22hwx",28.07875,31.543439,0.033306,2022-08-15 10:20:40.128,19.1551,SN II
SN2022rqg,"ZTF22abbecow,PS22igv",254.060839397,55.0195877822,0.02867,2022-08-21 04:24:41.003,20.0518,SN II
SN2022ruw,"ZTF22abbiwrr,ATLAS22bauw,PS22khp",35.8030644626,2.99749769675,0.040651,2022-08-19 09:37:26.400,19.16,SN II
SN2022ryp,"ZTF22abckjon,ATLAS22bbtf,PS22hlp",25.7968496653,-4.85248365703,0.0389,2022-08-23 10:33:36.000,19.39,SN II
SN2022ryv,"ZTF22abcfics,ATLAS22bbmz,Gaia22dvy",274.516,14.483811,0.03,2022-08-23 05:31:12.000,18.23,SN II
SN2022sgn,ZTF22abbnica,30.5564701,68.3528569,0.0119,2022-08-15 09:44:53.088,20.4109,SN II
SN2022sio,"ZTF22abdjqlm,ATLAS22bcoj",261.8476473,56.558826800000006,0.026,2022-08-27 06:24:26.001,19.2687,SN II
SN2022sje,"ZTF22abdondo,ATLAS22bcoe,,,PS22ihm,Gaia22dyt",275.522167,66.624489,0.0155,2022-08-28 03:51:50.400,18.15,SN II
SN2022svt,"ATLAS22bcuo,Gaia22dvl,ZTF22abfpgcn,PS22kgv",81.693417,-19.204931,0.027599,2022-09-02 01:55:04.224,18.543,SN II
SN2022sxm,"ZTF22abewvtv,ATLAS22bdzy,Gaia22dwt",110.836083,3.208081,0.027,2022-09-02 11:50:35.998,18.3545,SN II
SN2022tis,"ATLAS22bdre,ZTF22abepfmn,PS22irl",317.649439218,-9.50402161827,0.05,2022-09-02 08:49:45.696,19.186,SN II
SN2022tmb,"ZTF22abfavpu,ATLAS22bebt,PS22mdy",50.1400389296,37.4985693782,0.0174,2022-09-03 11:15:21.600,20.17,SN II
SN2022tsk,"ZTF22abfoehf,ATLAS22beku,PS22ihr,Gaia22dwn",259.835583,36.020539,0.037,2022-09-07 03:44:38.996,19.2612,SN II
SN2022tti,"ATLAS22befe,PS22jfc,ZTF22abqmxcx",86.5277176402,-25.4129878158,0.045,2022-09-04 07:51:28.224,19.54,SN II
SN2022ubb,"ATLAS22bekt,PS22iij,ZTF22abfxkdm,",347.243090197,12.0441864557,0.01628,2022-09-13 11:56:55.968,18.125,SN II
SN2022ucz,"ZTF22abfutah,Gaia22dzi,ATLAS22bfvm",255.548958,82.687761,0.042,2022-08-28 04:52:19.200,20.79,SN II
SN2022udq,"ATLAS22berx,ZTF22abfwxtr,PS22jjb",1.48266664559,22.4906352875,0.022,2022-09-15 11:39:28.800,18.616,SN II
SN2022uop,"ZTF22abfzdkz,ATLAS22bfqg,PS22jrr",33.9932547464,1.59262540566,0.01,2022-09-17 08:22:33.600,19.6,SN II
SN2022uqv,"ZTF22abgbhjs,PS22lqy",139.461451869,9.69783037428,0.0390830003,2022-09-17 12:21:36.000,19.01,SN II
SN2022vih,"ZTF22abgyfnv,ATLAS22bftn,PS22jhu",347.452925125,19.6763482842,0.035741,2022-09-21 06:43:12.000,19.57,SN II
SN2022vik,"ZTF22abgveih,ATLAS22bgrc,PS22mfa",141.892839277,18.4453983908,0.0081,2022-09-20 12:25:55.200,15.98,SN II
SN2022vmi,"ZTF22abhhxuv,ATLAS22bhed,Gaia22ecf",116.688458,23.696669,0.0453479,2022-09-22 11:05:16.800,18.83,SN II
SN2022vov,"PS22jhb,ZTF22abgooaa",41.7110825335,-0.897815324348,0.0375,2022-09-22 12:29:00.960,20.54,SN II
SN2022vpm,"PSP22ae,ZTF22abgwgsv,ATLAS22bgbr,PS22jpl,Gaia22ejb",260.637,26.76785,0.0217,2022-09-23 13:40:23.808,17.8,SN II
SN2022vrc,"ZTF22abhuvqj,ATLAS22bgqy,PS22ksp,Gaia22ejq",72.137375,-10.619269,0.03,2022-09-24 10:40:48.000,18.74,SN II
SN2022vym,"Gaia22eac,ATLAS22bgrb,ZTF22abkbjsb,PS22kpu",133.504583,18.68835,0.0145,2022-09-24 21:56:09.600,18.73,SN II
SN2022wbr,ZTF22abitour,67.3152428,40.246349,0.0198,2022-09-27 11:12:47.808,20.5896,SN II
SN2022wcz,"ZTF22abiwwyf,PS22jul,ATLAS22bijy",5.68215125404,8.48041296697,0.02,2022-09-26 08:07:17.000,20.7636,SN II
SN2022wol,"ZTF22abkhrkd,ATLAS22bhph,,PS22kpy",27.8657618761,36.0643423925,0.0177,2022-10-02 08:16:47.000,19.28,SN II
SN2022wqs,"ZTF22abjrrea,ATLAS22bhzk,Gaia22eid",262.439833,5.4896,0.03,2022-10-01 04:07:26.112,19.1382,SN II
SN2022wsr,"ZTF22abjvyib,ATLAS22bihn,PS22kot,",354.468560919,-3.49062135418,0.018,2022-10-02 06:27:21.600,17.86,SN II
SN2022wtm,"ASASSN-22mo,ZTF19adgooar,ZTF23aaaozjr,ATLAS23btk",147.1929466,0.2723958,0.0202,2022-10-04 14:52:48.000,16.2,SN II
SN2022wuq,"ZTF22ablbvag,ATLAS22bnbw,PS23bbs",164.372889863,28.7349319357,0.0426,2022-10-04 12:37:26.400,18.7,SN II
SN2022wza,"ZTF22abkkhao,Gaia22eey,ATLAS22bhxa",48.154708,45.209681,0.01,2022-10-02 09:25:55.200,20.42,SN II
SN2022xav,"ZTF22ablnrcv,ATLAS22bijo",144.8235243,32.3106841,0.0226,2022-10-06 11:22:33.600,18.8,SN II
SN2022xjk,"ZTF22abmsaxp,ATLAS22bila,PS23amj",34.1354488659,-11.3498336192,0.013403,2022-10-12 08:27:25.632,99.0,SN II
SN2022xmk,ZTF22abmmhdm,32.0605543,34.7535074,0.03,2022-10-12 07:33:36.000,19.17,SN II
SN2022xus,"ATLAS22biqa,ZTF22abnujbv",103.5214127,8.57037955,0.008756,2022-10-16 13:55:24.096,17.922,SN II
SN2022ycs,"ZTF22abnejmu,ATLAS22bjeq,PS22kri",117.735077963,18.6265132729,0.01,2022-10-14 11:25:26.400,19.31,SN II
SN2022ydu,"ATLAS22bjhj,ZTF22abzkmjt",161.8369102,-24.4513316,0.011,2022-10-20 02:22:38.784,17.861,SN II
SN2022yma,"ATLAS22bjwn,ZTF22abpxxil,PS22lhm",47.2014159673,-7.03515550776,0.0289,2022-10-23 05:51:29.376,19.46,SN II
SN2022ymx,ZTF22abgntys,40.9236498,42.0216059,0.019637,2022-10-12 08:08:09.600,19.23,SN II
SN2022yoz,"ATLAS22bkam,ZTF22abqaqnn",316.1018501,-21.7777569,0.028797,2022-10-25 00:49:43.392,19.022,SN II
SN2022yrl,"ZTF22abppdgt,PS22mlp",21.890352221,21.7111004561,0.048,2022-10-21 06:20:09.600,20.11,SN II
SN2022yyz,"ZTF22abrexqa,PSP22ag,ATLAS22bkpq",286.75647074999995,28.997246150000002,0.0122,2022-10-29 03:00:29.998,19.2934,SN II
SN2022zjt,"ZTF22absmdsy,ATLAS22bncf,PS23bx",181.856842013,62.9384965787,0.035,2022-11-01 12:25:08.000,18.7914,SN II
SN2022zkb,"ZTF18aajjoko,ATLAS22blgu,PS22lbg",174.26899889,50.8192610097,0.05,2022-11-01 12:27:51.002,18.258,SN II
SN2022zkc,"ATLAS22blgk,ZTF22absqhkw,PS22lcn",71.9941609703,-16.6602959114,0.031725,2022-11-02 05:01:31.296,18.163,SN II
SN2022zmb,"ZTF22abssiet,ATLAS22blnm,PS22lcm",159.679917713,56.5540354495,0.01449,2022-11-04 11:21:43.998,18.6121,SN II
SN2022zvx,"ATLAS22blnt,ZTF22abteujl,PS22ljg",31.2813741473,11.2505953925,0.033,2022-11-10 10:04:27.264,18.574,SN II
SN2022zxa,"ZTF22abtfczg,ATLAS22blts",39.9905975,10.4595898,0.025,2022-11-11 07:09:07.200,18.16,SN II
SN2022zxr,"ZTF22abtcyhv,ATLAS22bmfu,PS23bcq",193.776474945,58.7865469093,0.008745,2022-11-10 11:46:32.160,16.649,SN II
SN2022zxt,"ZTF22abtcsyd,ATLAS22blqn,PS23bg",130.068248527,56.0433386231,0.026,2022-11-12 07:42:04.032,18.6251,SN II
SN2022zxw,"ZTF22abtcphd,ATLAS22blya",28.8080387,53.1995632,0.025,2022-11-10 09:44:38.400,19.09,SN II
SN2022zzz,",ATLAS22blqo,ZTF22abvmasw",185.860012,16.7218574,0.03051,2022-11-12 19:46:16.000,17.9,SN II
SN2023abdq,"Gaia23dsy,ATLAS24aab,ZTF23abuwrzn",340.829958,34.004711,0.0224,2023-12-22 17:52:48.000,18.69,SN II
SN2023abim,"ATLAS23xvy,ZTF23abvgvab,PS23nlt,Gaia24acu",177.302833,43.124689,0.01,2023-12-25 13:03:44.928,17.72,SN II
SN2023acbr,"ZTF23abvommm,ATLAS23xzr",36.7633056,-9.4173345,0.016,2023-12-27 04:06:14.400,19.25,SN II
SN2023acbs,"ZTF23abvnmam,ATLAS23xyu,PS24dr",41.0212867401,16.6691474774,0.0393,2023-12-27 05:29:45.600,18.37,SN II
SN2023achj,"ATLAS23yci,ZTF24aaabbse,PS24bb,BGEM J083607.43+250647.1",129.031110467,25.11307318,0.023,2023-12-31 12:58:35.616,18.074,SN II
SN2023afu,"ZTF20acwflza,ATLAS23kui",208.0474979,-14.7035119,0.035,2023-01-07 12:31:40.800,17.96,SN II
SN2023akp,"ATLAS23bhu,ZTF23aaaytvp,PS23bbg",234.356302917,10.626957548,0.03995,2023-01-24 13:54:40.896,18.576,SN II
SN2023amc,"ZTF23aaaziou,ATLAS23deg,Gaia23bjc",279.115167,10.345589,0.01,2023-01-24 13:36:12.997,17.6269,SN II
SN2023avt,"ATLAS23bko,,ZTF23aaboynz,PS23avp",147.081357813,-3.73059928045,0.013,2023-01-27 04:51:56.736,18.47,SN II
SN2023avz,ZTF23aabbrdb,108.6874449,5.8298386,0.03,2023-01-25 06:28:48.000,19.67,SN II
SN2023azx,"ATLAS23bmu,ZTF23aabksje,PS23awm",180.826030318,-16.003701912,0.0116,2023-01-28 01:22:58.368,18.679,SN II
SN2023bfs,"ZTF23aabrson,ATLAS23bvr,PS23bcr",211.239142405,25.025236157,0.035251,2023-02-02 11:25:19.998,18.8382,SN II
SN2023bia,"ZTF23aabutcv,ATLAS23cpt,PS23anv",242.942574856,37.4627251725,0.032314,2023-02-04 12:20:00.001,17.7412,SN II
SN2023bip,"ZTF23aabplmy,ATLAS23bvq,PS23bbu",179.97760415,26.0689074195,0.031,2023-02-02 11:34:04.800,17.33,SN II
SN2023blc,"ATLAS23bts,Gaia23aqm,ZTF23aadbwtw,PS23ayn",196.374792,-9.628311,0.045,2023-02-08 07:00:48.672,17.94,SN II
SN2023blw,"ZTF23aabtmzm,PS23awa",112.039339817,52.4715390617,0.0216579996,2023-02-07 04:55:41.376,19.2877,SN II
SN2023bmd,"ZTF23aacdlsh,ATLAS23cqb,PS23bme",227.536774304,46.1064565968,0.019603,2023-02-09 11:47:06.003,18.3762,SN II
SN2023bmo,"ATLAS23bvs,ZTF23aacqunt,PS23apb",174.225953176,19.9697411012,0.02065,2023-02-10 07:13:04.800,17.748,SN II
SN2023bng,"ZTF23aacfkak,ATLAS23bxw,PS23axc",149.160369174,-15.5725243476,0.031358,2023-02-10 06:56:57.120,18.8327,SN II
SN2023bqh,"PSP23C,Gaia23atx,ZTF23aacdlst,ATLAS23dnn",275.846042,60.757411,0.012732,2023-02-12 23:33:50.976,17.7,SN II
SN2023bql,"ATLAS23caw,ZTF23aackdba,PS23apc",122.865941775,8.94024414662,0.019,2023-02-12 21:45:05.184,18.756,SN II
SN2023buy,"ZTF23aacjetk,ATLAS23chn,PS23apf,Gaia23bli",125.22375,39.241589,0.0286,2023-02-17 05:08:54.001,17.9997,SN II
SN2023bvh,"ATLAS23cgo,ZTF23aaclqtq,Gaia23beb",131.5695,27.351289,0.019,2023-02-18 04:28:19.776,17.617,SN II
SN2023bvj,"ATLAS23cgq,ZTF23aackjhs,PS23anj,Gaia23bgi",147.7335,33.553039,0.00512,2023-02-18 04:11:13.344,17.287,SN II
SN2023cf,"ZTF23aaaatjn,ATLAS23ajn,Gaia23amv,PS23hiv",66.70625,29.949981,0.0175,2023-01-07 05:24:06.912,17.4805,SN II
SN2023chj,"ZTF23aacrvqj,Gaia23awj,ATLAS23dwi",271.415125,31.620589,0.04,2023-02-19 12:17:37.000,19.2928,SN II
SN2023cme,"ATLAS23cnm,PS23hwt,ZTF23abamfyx",39.3374754467,-15.4224083478,0.02424,2023-02-22 18:35:30.624,18.04,SN II
SN2023cps,"ATLAS23cuo,ZTF23aacydwa,PS23ank,Gaia23bdn",120.116167,7.813919,0.014,2023-02-27 03:50:09.312,18.563,SN II
SN2023cr,",ATLAS23afj,ZTF23aaaifls",55.5544902,-27.8712392,0.01368,2023-01-08 11:03:39.000,17.7,SN II
SN2023cv,"ATLAS23afk,ZTF22acaipir,Gaia23aoc,PS23bal",228.369917,-20.681081,0.007565,2023-01-08 01:54:21.024,17.816,SN II
SN2023cwt,"ATLAS23dkt,ZTF23aadcgak",295.0373584,38.5140393,0.01,2023-03-06 14:46:52.896,17.393,SN II
SN2023cxf,"ATLAS23ded,ZTF23aadgdnv,PS23avs",178.150930729,13.4670258124,0.020635,2023-03-02 06:00:33.696,18.979,SN II
SN2023dgg,"PS23apg,ATLAS23dzs,ZTF23aaczrwr",188.461956895,3.44568101391,0.03282,2023-03-16 11:06:02.592,19.06,SN II
SN2023dqa,"ATLAS23ebv,PS23avq,ZTF23aadtzse",212.204235063,-10.7991593712,0.035,2023-03-17 12:25:11.136,19.186,SN II
SN2023dr,"ATLAS23agx,PS23kk,ZTF23aaasblk",178.954690376,9.68744179431,0.025,2023-01-08 23:26:38.976,17.932,SN II
SN2023dtd,"ATLAS23edj,,PS23bby,ZTF23aaeayer,MASTER OT J134019.10-235111.4",205.079718672,-23.8531954124,0.0221,2023-03-20 05:30:58.176,18.516,SN II
SN2023duh,"ATLAS23efd,ZTF23aadwaiz",142.2154441,-12.8953878,0.0415,2023-03-21 08:16:45.408,18.985,SN II
SN2023duy,"ATLAS23egh,ZTF23aadjhyj,PS23cax",190.440020255,-9.14871512627,0.0367,2023-03-21 22:41:23.424,19.114,SN II
SN2023dyp,"PS23azz,ATLAS23eob,ZTF23aadbsdg",198.241762609,23.3809297253,0.02,2023-03-25 09:58:52.896,19.42,SN II
SN2023eaj,ZTF23aacgjgl,296.2059573,44.7255696,0.0335,2023-03-18 11:18:28.224,18.7311,SN II
SN2023ebb,"ZTF23aadruma,Gaia23bhh,ATLAS23hgl,PS23dap",171.1445,46.893661,0.022,2023-03-27 10:46:33.600,18.64,SN II
SN2023edb,"ZTF23aaeavsv,ATLAS23idi,PS23bvn",227.044927614,20.1811166462,0.0441,2023-03-29 07:50:05.004,19.6028,SN II
SN2023eds,"Gaia23bel,ATLAS23ewe,PS23ber,ZTF23aafarxf",313.871625,-1.228861,0.012,2023-03-19 13:01:55.200,16.18,SN II
SN2023efg,"Gaia23bfi,ATLAS23gxx,ZTF23aajjzml,PS23dli",316.332,-10.4715,0.025,2023-03-21 07:12:00.000,18.29,SN II
SN2023eip,"ATLAS23eor,ZTF23aaeeugd,Gaia23bjn,PS23cee",253.06875,23.627911,0.0348110013,2023-03-30 08:57:07.200,18.735,SN II
SN2023ekx,"PS23bdw,ZTF23aaedvtn,Gaia23bnu",145.299917,63.594681,0.05,2023-03-31 07:19:23.232,19.05,SN II
SN2023emg,ZTF23aaefrgo,343.8086855,36.6741645,0.0188,2023-04-02 12:22:56.352,19.0797,SN II
SN2023eqr,"ZTF23aaeemik,PS23cyf,ATLAS23kzv",226.154907152,10.3980870806,0.0336,2023-04-08 08:47:32.640,19.2513,SN II
SN2023eqx,"ZTF23aaekebt,PS23dpl",270.857409323,21.1537282003,0.02,2023-04-08 11:03:50.400,18.69,SN II
SN2023esk,"ZTF23aadcltm,ATLAS23hlq,PS23ccl",315.653081667,8.31480678752,0.0183,2023-03-13 12:51:50.400,17.45,SN II
SN2023esp,"ATLAS23hjb,ZTF23aaekwbn",101.7243875,15.5984222,0.008,2023-04-09 06:04:07.968,16.476,SN II
SN2023eug,"ZTF23aaenlmq,ATLAS23hou,PS23dqq",260.928627629,13.5241065106,0.018,2023-04-09 10:48:00.000,18.9,SN II
SN2023eyj,"ZTF23aaejumk,ATLAS23itb,PS23dam",259.403193245,48.6382982071,0.0244200006,2023-04-08 09:23:02.400,19.59,SN II
SN2023fax,"ZTF23aaeqonb,ATLAS23hxy,PS23dmf",219.61309326,30.029141288,0.045,2023-04-10 07:49:30.996,19.6733,SN II
SN2023fou,"ATLAS23hus,ZTF23aafumlg,PS23dai",190.085202389,-10.0486248802,0.02,2023-04-14 04:04:05.664,17.836,SN II
SN2023fse,"ZTF23aaeklqg,PS23fkj",330.964150001,11.4053134771,0.035,2023-04-08 12:14:24.000,18.7,SN II
SN2023fu,",ZTF23aaaigqy,ATLAS23ajm,Gaia23agw,PS23mc",46.588625,36.019761,0.016438,2023-01-12 11:16:48.000,16.9,SN II
SN2023fub,"ATLAS23ibg,ZTF23aaflnok,PS23igb",115.111706939,25.1333954401,0.029397,2023-04-15 06:05:54.240,19.082,SN II
SN2023fyo,"ATLAS23ijk,ZTF23aaggwfh,PS23cit",163.759957158,-10.8213819699,0.02,2023-04-17 03:01:03.936,19.446,SN II
SN2023gbq,"ATLAS23imd,PS23ehx,ZTF23aaqkpwb,T202309242211086m242757",332.785741128,-24.4656919338,0.0379,2023-04-18 09:34:50.016,18.106,SN II
SN2023ghl,"ZTF23aagkutf,ATLAS23isz,PS23cur",167.298872642,53.3621735292,0.027067,2023-04-19 07:22:04.800,19.84,SN II
SN2023gjg,"ZTF23aagqyym,ATLAS23jkx",136.8248817,37.5035246,0.0308,2023-04-21 04:20:12.998,19.4354,SN II
SN2023gkb,"ATLAS23ism,ZTF23aajkaka,PS23ekf",322.753453301,-3.98160563154,0.026181,2023-04-22 09:16:37.920,18.75,SN II
SN2023gol,"ATLAS23jld,ZTF23aahngej,PS23ctn",190.884350601,40.0990106949,0.05,2023-04-23 09:41:09.312,18.95,SN II
SN2023gss,"ZTF23aahqvtz,ATLAS23jpn,PS23cxa,MLT J140423.54-270858.3",211.098087788,-27.149458211,0.020541,2023-04-25 07:03:21.600,18.88,SN II
SN2023gxq,ZTF23aaiecnn,154.550993,34.672166,0.0293,2023-04-28 05:41:23.997,19.5728,SN II
SN2023hcp,"ZTF23aailjjs,PS23cwa",252.178012071,35.9492869071,0.031,2023-04-29 10:39:21.600,17.9,SN II
SN2023hcv,ZTF23aaihsvm,354.8986058,21.9181612,0.0227,2023-04-28 11:49:55.200,18.71,SN II
SN2023hlf,"ZTF23aaitpjv,DLT23j",186.6090775,31.225652,0.0024,2023-05-01 05:41:03.840,17.84,SN II
SN2023hpp,"ATLAS23jya,ZTF23aaixdcm,Gaia23bvp,PS23grq",330.966958,20.583911,0.012422,2023-05-03 14:24:35.424,18.844,SN II
SN2023hvo,"ZTF23aaixruf,ATLAS23kgz,PS23kiy",130.387000313,22.0268454972,0.01,2023-05-09 04:08:48.002,19.2362,SN II
SN2023hwf,"ATLAS23kda,ZTF23aajhosl,PS23fgc",172.868722747,8.67808371869,0.023,2023-05-09 20:09:48.096,18.651,SN II
SN2023hzt,"ATLAS23kfy,ZTF23aajsjon",202.5064567,75.5692023,0.0305,2023-05-12 10:14:08.736,18.865,SN II
SN2023iew,"PS23dcf,ATLAS23kgq,ZTF23aajocph",245.003685333,20.5057949159,0.036,2023-05-13 09:31:31.296,19.02,SN II
SN2023iga,"ZTF23aajkjxm,ATLAS23lqd",6.1339282,29.21962,0.0162,2023-05-13 11:32:30.624,17.5084,SN II
SN2023ijd,"ASASSN-23du,PS23den,ZTF23aajrmfh,ATLAS23klz,MASTER OT J123632.40+111319.2",189.135293355,11.222140824,0.007446,2023-05-14 04:48:00.000,16.8,SN II
SN2023ijs,"ZTF23aajbkan,ATLAS23kmp,PS23dth",230.2707728,-15.2298087629,0.02,2023-05-12 09:57:36.000,19.21,SN II
SN2023irp,"ZTF23aajkfls,ATLAS23lal",276.709405,25.3996979,0.015,2023-05-14 09:20:09.600,16.8,SN II
SN2023iwz,"ZTF23aakcbfv,ATLAS23lbh",298.0769395,42.8866971,0.01,2023-05-17 08:42:43.200,19.46,SN II
SN2023ixf,",ZTF23aaklqou,,PS23dij,ATLAS23ncx,MASTER OT J140338.60+541842.0,MASTER OT J140338.55+541840.8",210.910674637,54.3116510708,0.0008,2023-05-19 17:27:15.000,14.9,SN II
SN2023jbk,"ATLAS23lag,ZTF23aalcvlh,PS23djq",175.603253487,20.1186976526,0.02,2023-05-21 06:44:34.080,17.56,SN II
SN2023jid,"ZTF23aakirso,PS23fdp",340.180107207,36.6442867743,0.027,2023-04-21 11:51:45.792,20.2052,SN II
SN2023joj,"ATLAS23llk,ZTF23aapgckf,PS23fln",354.291598999,-3.72641482318,0.0179,2023-05-28 03:56:34.656,16.883,SN II
SN2023jpg,"ATLAS23lnk,ZTF23aaisxic,PS23lir",125.970520555,-5.13290047284,0.05,2023-05-09 01:44:15.360,18.433,SN II
SN2023jqw,"ATLAS23lox,PS23ene,ZTF23aarfqmx",337.283460007,-22.1945579935,0.038,2023-05-29 02:54:49.824,18.703,SN II
SN2023jri,"ATLAS23lqb,ZTF23aamfqxc,PS23feo",352.612886706,30.2197800675,0.015,2023-05-29 13:50:15.648,16.483,SN II
SN2023jva,"ZTF23aamsarj,ATLAS23ltq,PS23fea",356.451323535,29.7460180644,0.0372,2023-06-02 10:07:40.800,19.13,SN II
SN2023jvc,"ZTF23aamskdj,ATLAS23mtq,PS23fzx",29.165743347,43.3387994812,0.0265,2023-05-30 11:29:22.004,19.7691,SN II
SN2023jvi,"ZTF23aamqycj,ATLAS23lsv,PS24gi",202.842791117,25.6169275468,0.025,2023-06-02 06:13:00.002,18.6265,SN II
SN2023jws,"ZTF23aamumxw,ATLAS23mfb",181.086109,9.1938968,0.0231,2023-06-04 05:39:28.999,19.0801,SN II
SN2023jyn,"ATLAS23lri,ZTF23aaqixpx,PS23fsn",7.63831414088,-11.4031626854,0.017,2023-06-06 03:18:52.704,17.513,SN II
SN2023jyo,"ATLAS23lrj,ZTF23aasyrup,PS23grs",22.3616049709,-1.19922463213,0.016,2023-06-06 03:34:47.424,17.601,SN II
SN2023jzt,"ATLAS23lrs,ZTF23aaufzym",23.9910149,-16.2541251,0.03728,2023-06-06 04:17:49.920,17.94,SN II
SN2023kfm,ZTF23aanehpl,256.7002411,-5.0710365,0.02471037209034,2023-05-28 08:59:57.408,20.5413,SN II
SN2023kmk,"ATLAS23mfj,ZTF23aanxrjm,PS23fnz,Gaia23bxq",225.585625,-10.202089,0.01,2023-06-13 03:12:06.624,18.661,SN II
SN2023kne,ZTF23aamzlzc,261.3295172,58.8172809,0.0284850001,2023-06-09 08:49:48.288,20.1465,SN II
SN2023ksz,"ZTF23aanexof,ATLAS23mpk,PS23ggz",294.945032613,59.3639397515,0.0368,2023-06-08 07:46:33.600,19.7,SN II
SN2023kyi,"ATLAS23mqo,ZTF23aanzmoz",289.1831318,-17.5096762,0.029877,2023-06-17 06:39:23.904,18.848,SN II
SN2023kzz,ZTF23aanymcl,259.2762862,-14.9013563,0.028,2023-06-15 07:33:36.000,19.64,SN II
SN2023laa,"ZTF23aaomkar,ATLAS23ncn,PS23fum",28.6328221374,17.6772089546,0.0229829997,2023-06-17 11:05:07.002,18.6588,SN II
SN2023lad,"ZTF23aaoihto,ATLAS23osi,PS23imy",49.8798273522,40.7416389118,0.020237,2023-06-16 11:21:07.200,17.07,SN II
SN2023lgw,"ATLAS23mus,ZTF23aapcllu,PS23fec",331.341183967,-1.85939518086,0.032,2023-06-21 01:43:31.296,19.111,SN II
SN2023lgz,"ZTF23aaozatq,ATLAS23mvd,PS23fdw",251.918267414,52.3366929672,0.029,2023-06-21 06:41:45.600,18.53,SN II
SN2023lkw,"ZTF23aaphnyz,PS23ezy,ATLAS23nab,Gaia23cpz",252.150875,41.600719,0.031,2023-06-23 06:18:43.200,18.2,SN II
SN2023lok,"ZTF23aapkxkq,PS23fbi",256.22802349,17.3114528682,0.05,2023-06-24 07:00:05.999,20.0138,SN II
SN2023lpm,"ZTF23aapkubb,PS23fbn",258.589712849,39.068877317,0.038113,2023-06-25 07:43:40.800,19.21,SN II
SN2023lxz,"ZTF23aapufht,ATLAS23mzw",190.6406651,51.2047556,0.03018,2023-06-27 06:30:14.400,18.95,SN II
SN2023lya,"ZTF23aapuknd,ATLAS23nai,PS23fcr",262.221729335,58.3782037009,0.03,2023-06-27 06:50:23.000,20.07,SN II
SN2023lzn,"ATLAS23mzk,ZTF23aaqknaw,PS23hlo",13.7816126844,31.546587918,0.018,2023-06-28 13:28:01.632,18.554,SN II
SN2023lzr,"ATLAS23mzr,ZTF23aapwlkh,PS23fxs",27.782643846,25.7386248534,0.04,2023-06-28 14:16:28.992,18.329,SN II
SN2023mca,"ZTF23aapvuyy,PS23fny",272.493654004,68.8219574346,0.01,2023-06-27 10:16:19.200,17.78,SN II
SN2023mez,"PS23fcx,ZTF23aapwmgu",31.1854305489,8.54591828729,0.0117,2023-06-30 13:52:05.376,20.14,SN II
SN2023mfi,"ATLAS23mtj,ZTF23aasrkck",54.340946200000005,87.3520369,0.0153,2023-06-19 07:32:20.832,17.746,SN II
SN2023mfq,"ATLAS23ndd,ZTF23aawgcgu,PS23ick",41.4113393914,-15.0120718907,0.025,2023-07-01 09:42:08.928,18.449,SN II
SN2023mlq,"ZTF23aaqniyk,ATLAS23nyu,PS23fqm",266.581316134,10.1060640803,0.04,2023-07-02 05:11:02.400,19.41,SN II
SN2023mly,"ATLAS23npi,ZTF23aarytnu,PS23gez",30.7876823413,35.0089425816,0.045,2023-07-08 14:21:52.992,18.45,SN II
SN2023mmy,"ATLAS23nqd,ZTF23ablcgvp,PS23kup",178.011912489,38.0230365775,0.035,2023-07-08 06:32:32.640,18.828,SN II
SN2023mpj,"ZTF23aaqtckr,ATLAS23nvb,PS23flb",218.603276276,2.88466751878,0.0298,2023-06-25 06:36:00.000,20.43,SN II
SN2023mpz,"ZTF23aaquhaz,ATLAS23ocl,Gaia23crc",305.208125,9.4994,0.005,2023-07-09 09:03:49.997,17.5569,SN II
SN2023mrn,ZTF23aaqocso,293.0706604,-6.0724911,0.0321,2023-07-09 08:32:02.976,20.7171,SN II
SN2023mtp,"ZTF23aalftvv,ATLAS23qbj,",258.53565,81.074837,0.034,2023-05-14 09:48:57.600,20.69,SN II
SN2023myo,"ZTF23aarktow,ATLAS23pyt,PS23fxq",17.5101004114,32.9125344333,0.035407,2023-07-12 10:24:57.600,19.99,SN II
SN2023nfg,"ATLAS23orz,ZTF23aawbwbu,Gaia23byr",50.179083,-1.1093,0.020908,2023-07-15 08:01:40.800,18.342,SN II
SN2023ngy,"ZTF23aasbvab,ATLAS23oyf,PS23jap",334.625795729,29.2447349065,0.027,2023-07-16 07:47:32.352,18.7476,SN II
SN2023njg,"ATLAS23oyv,PS23fnk,ZTF23aauzfbi",36.434718919,24.8347928433,0.03456,2023-07-16 14:25:33.312,18.772,SN II
SN2023nlo,"ZTF23aasocjj,ATLAS23phz",226.0571023,16.7576788,0.043,2023-07-18 05:24:27.000,19.2011,SN II
SN2023nlu,"ZTF23aasrcyv,ATLAS23pej,PS23hgz",11.2876978789,-9.6273336913,0.02,2023-07-19 10:31:34.997,18.3009,SN II
SN2023nmh,"ATLAS23pei,ZTF23aasyvbf,PS23frw",9.4113774149,-4.28147154089,0.02,2023-07-18 02:52:03.936,19.165,SN II
SN2023nyl,"ATLAS23poc,ZTF23abahmkx,PS23jpt",78.5616795924,-2.85366292876,0.03,2023-07-25 09:42:15.840,18.099,SN II
SN2023nym,"ZTF23aaaweph,PS23glc",1.30799212645,-11.5024335007,0.022556,2023-07-25 10:34:55.004,18.9309,SN II
SN2023odm,"ZTF23aavecfo,ATLAS23qvi,Gaia23bzb,PS23hzj",42.461708,2.093219,0.035,2023-07-28 10:22:33.001,20.2288,SN II
SN2023oiz,"ATLAS23qaz,ZTF23aawgkqa,PS23hmh,Gaia23cjt,GOTO23bag",70.023,17.30795,0.01,2023-08-01 14:00:15.264,17.987,SN II
SN2023olf,"ZTF23aavvdix,ATLAS23qcg,Gaia23cgf",55.942792,72.973781,0.02,2023-08-03 10:53:37.997,18.4009,SN II
SN2023opj,ZTF23aateobf,65.2827663,66.0742427,0.0275,2023-08-03 11:13:55.200,20.01,SN II
SN2023oqo,"ZTF23aawcxun,ATLAS23qdv,Gaia23cfk",209.74025,61.681369,0.02992,2023-08-06 04:43:27.002,18.582,SN II
SN2023ote,"ZTF23aawkjdx,ATLAS23qpv",356.2289667,12.3559568,0.02,2023-08-07 09:36:00.000,18.34,SN II
SN2023oxc,"ATLAS23qne,ZTF23aawokan,GOTO23uh,PS23hmw",241.131119653,36.3168302361,0.04338783,2023-08-06 06:52:07.680,18.779,SN II
SN2023oxw,"ATLAS23qot,ZTF23abbejvg,PS23iba,Gaia23ckp",43.192708,-20.859061,0.025,2023-08-10 07:57:02.592,18.565,SN II
SN2023paz,"ZTF23aawyiyk,ATLAS23qvh,PS23gzi,MLT J211331.79-205808.8",318.38250377,-20.9691007962,0.0328,2023-08-12 08:02:24.000,19.36,SN II
SN2023pbf,"ATLAS23qsf,ZTF23abaebbd,PS23ity",64.2348147556,-16.3679995743,0.011,2023-08-12 00:38:38.976,16.552,SN II
SN2023pbg,"ZTF23aaxadel,Gaia23bxy,PS23hwj",3.72875,26.333419,0.024,2023-08-12 09:12:57.600,18.73,SN II
SN2023pcy,"ATLAS23quh,ZTF23aawrcrb,PS23hlq,Gaia23bzc",44.244917,-1.308061,0.0379730016,2023-08-12 09:15:50.400,18.967,SN II
SN2023pdb,"ZTF23aaxcriv,PS23hpa,ATLAS23shp",106.473501498,54.4112705448,0.04106,2023-08-12 11:33:13.003,18.2565,SN II
SN2023pfz,"ZTF23aaxchnm,PS23hif,GOTO23art,ATLAS23udj",36.2745718105,22.2228985913,0.03376,2023-08-12 10:07:06.240,20.401,SN II
SN2023pgb,"ZTF23aaxdfya,ATLAS23sfs,PS23iuy",107.075580454,50.6934179413,0.01996,2023-08-12 11:54:14.400,17.44,SN II
SN2023phn,"ZTF23aaxtplp,ATLAS23rbc,PS23hgx",10.1214717566,-10.3052555433,0.0270319991,2023-08-14 10:35:40.001,19.964,SN II
SN2023plh,"ZTF23aaxtmrr,ATLAS23rkk,PS23itf",51.0153448608,34.6028359236,0.035,2023-08-14 10:07:47.004,19.4289,SN II
SN2023qec,"PS23gvs,ZTF23aazqmwp,ATLAS23rqg",337.796211783,18.5590035507,0.02079,2023-08-21 08:52:28.128,19.97,SN II
SN2023qh,"PS23ex,ZTF23aaarmtb",136.814384435,37.2152550393,0.023804,2023-01-14 15:57:16.992,19.77,SN II
SN2023qoz,"ZTF23aazltms,ATLAS23sux,Gaia23cnr,PS23jnk",121.269458,29.723519,0.021527,2023-08-22 12:00:00.000,18.18,SN II
SN2023qwe,"ZTF23aazyfss,PS23ijv,ATLAS23woi",43.3050295787,-0.3492413301,0.038,2023-08-26 11:06:16.001,20.0421,SN II
SN2023qxk,"ZTF23ababkmo,ATLAS23rto,PS23hwq",333.110861937,16.5774669348,0.041,2023-08-27 09:12:57.600,19.74,SN II
SN2023qxp,"ZTF23abadrow,PS23ifv",329.06238496,2.17439605514,0.028,2023-08-27 10:19:52.997,19.5206,SN II
SN2023qzh,ZTF23abaibbk,74.5261824,35.5642807,0.0209480003,2023-08-26 11:22:41.376,20.4202,SN II
SN2023rai,"ATLAS23ruf,ZTF23abaeeae,PS23iuu",74.6722657052,-19.5901024653,0.022629,2023-08-29 03:27:10.368,17.933,SN II
SN2023rbk,"ZTF23abascqa,ATLAS23rzf,PS23imz",48.8358307671,41.6148804261,0.01988,2023-08-31 10:37:55.200,17.89,SN II
SN2023rfn,"ATLAS23ryc,PS23how,ZTF23abbanlv",272.98573591,24.0454225082,0.0215,2023-09-04 07:14:04.416,17.081,SN II
SN2023rhj,"ZTF23abavosd,ATLAS23scr,PS23hvo",15.2057674169,16.8882524985,0.04,2023-09-04 08:51:00.000,18.9075,SN II
SN2023rix,",ZTF23abaxtlq,ATLAS23sde,PS23iqf",41.9868477556,41.2466834488,0.014,2023-09-05 08:45:36.000,18.2099,SN II
SN2023rky,"ZTF23abbccir,ATLAS23scy,PS23hqg,Gaia23dlo",11.971083,19.593639,0.015197,2023-09-06 08:03:50.400,18.66,SN II
SN2023rli,"ZTF23abbcycg,ATLAS23scn,PS23itn",39.0148186795,19.4465790524,0.0279,2023-09-06 09:00:00.000,18.39,SN II
SN2023rmz,"ZTF23abbdbsh,PS23hqb,Gaia23doy",20.64875,1.8915,0.032236,2023-09-06 08:56:41.004,18.6152,SN II
SN2023rns,"ZTF23abbfonh,ATLAS23sfg",225.8655901,80.2164439,0.035011,2023-09-07 03:51:50.400,18.38,SN II
SN2023rpk,"ZTF23abaeenk,ATLAS23qxd,PS23jpr",77.7716039337,-7.25263702268,0.035,2023-09-04 11:31:12.000,18.84,SN II
SN2023rpu,"ZTF23aaomzth,Gaia23cnt,ATLAS23tmf",140.947875,42.186669,0.0138290003,2023-09-07 12:14:57.998,18.014,SN II
SN2023rtq,"ZTF23abbsxzs,ATLAS23sek",72.9442121,38.9361353,0.013,2023-09-08 11:48:19.996,19.2902,SN II
SN2023rty,"PS23hrz,ZTF23abccwbx,ATLAS23sox",12.7123206699,-24.7421501847,0.043,2023-09-07 11:00:12.672,20.43,SN II
SN2023rvj,"ZTF23abbzdoj,ATLAS23sfj",2.4879389,37.0742403,0.01,2023-09-09 07:50:52.800,17.07,SN II
SN2023rvo,"ZTF23abbtkrv,Gaia23cnq,ATLAS23ues,PS23jje",132.318167,36.1208,0.025215,2023-09-08 12:27:21.600,18.86,SN II
SN2023rwy,"PS23hsx,ZTF23abecphw,ATLAS23stb",39.7933183679,-21.1397036966,0.035,2023-09-08 12:38:19.104,21.11,SN II
SN2023rzx,"ATLAS23sgj,ZTF23abbzhug,PS23idi",22.5190165712,29.7786014444,0.041529,2023-09-10 11:51:36.288,19.328,SN II
SN2023sau,ZTF23abccimv,75.8286023,-1.6332207,0.016,2023-09-09 10:37:55.200,18.2,SN II
SN2023sfd,"Gaia23chp,ZTF23abjzcde",166.905458,67.573561,0.02,2023-09-07 10:06:14.400,18.98,SN II
SN2023sia,"PS23iam,ZTF23abdgswy,ATLAS23spd,Gaia23cjx",46.677875,-11.165011,0.032,2023-09-12 13:34:16.608,18.4,SN II
SN2023srj,ZTF23abdubpv,129.7107166,1.4059606,0.029043,2023-09-15 12:21:36.000,19.02,SN II
SN2023sux,"ZTF23abefecu,Gaia23cqc,ATLAS23toe,PS23maa",146.327792,30.82835,0.03,2023-09-16 12:21:36.000,18.22,SN II
SN2023swf,"ZTF23aberpzw,PS23iia,ATLAS23syy,Gaia23cvv",316.493875,-14.841761,0.024,2023-09-16 06:04:19.200,20.55,SN II
SN2023tjv,"ATLAS23syb,ZTF23abkoshi,PS23jmi",87.3738047553,-25.0150624981,0.0448,2023-09-21 08:00:55.872,18.921,SN II
SN2023tmr,"ZTF23abgnvsh,Gaia23crx,ATLAS23ueo,PS23jno",148.483167,23.384281,0.01319,2023-09-24 12:28:37.001,17.0131,SN II
SN2023tnc,"ZTF23abghttj,ATLAS23tju,PS23jaf",348.089843687,-22.1266879838,0.05,2023-09-24 07:02:46.997,18.7409,SN II
SN2023tqv,"ATLAS23tep,GOTO23anr,PS23jjk,ZTF23abgyyvj",60.7656975569,7.31011310889,0.02,2023-09-26 06:35:07.296,18.137,SN II
SN2023tro,ZTF23abhbzbo,115.6895959,47.4123505,0.03186,2023-09-26 11:47:20.000,20.2002,SN II
SN2023tvj,"ATLAS23tje,ZTF23abkornc,PS23koc,Gaia23dhb",92.238,-21.522239,0.04,2023-10-01 08:37:38.208,18.484,SN II
SN2023twg,"GOTO23aon,ATLAS23tnv,ZTF23abhzfww,Gaia23cwy,PS23lui",131.477208,12.786719,0.03,2023-10-02 05:41:45.312,18.22,SN II
SN2023uas,ZTF23abhyssf,66.58248284999999,-11.988920499999999,0.032,2023-10-04 10:10:16.000,18.4464,SN II
SN2023ucx,"ZTF23abhruov,PS23jlu",59.9787365321,32.6114271638,0.017692,2023-09-30 10:11:03.840,19.682,SN II
SN2023ucy,"ZTF23abhzxwm,ATLAS23tqo,Gaia23djn",285.424958,40.751611,0.0152,2023-10-05 03:38:05.280,17.9015,SN II
SN2023udb,"ZTF23abhyroo,PS23jcv,ATLAS23tys",66.274105062,-10.3144565477,0.0326590016,2023-10-04 10:10:16.320,19.2678,SN II
SN2023ufx,"ATLAS23tsa,PS23jjg,ZTF23abjjqxf,GOTO23ben",126.214865867,21.2953198049,0.01,2023-10-06 13:55:51.744,17.545,SN II
SN2023ugq,"PS23jba,ATLAS23tuy,GOTO23aqx,ZTF23abioirc",58.6623751458,1.64658634198,0.04,2023-10-06 11:57:19.296,19.59,SN II
SN2023ujp,"ATLAS23tuh,ZTF23abiewbt,PS24brv",239.387506031,20.0483940607,0.0327240005,2023-10-08 05:07:07.392,18.791,SN II
SN2023ush,"ZTF23abjehlx,ATLAS23uer",289.6058033,34.822476166667,0.041,2023-10-09 05:12:07.200,19.894,SN II
SN2023usp,"ATLAS23uai,Gaia23cxo,ZTF23abpbuha,PS23lmr",140.03725,-16.523681,0.006791,2023-10-12 08:18:50.688,18.262,SN II
SN2023usv,"ATLAS23uak,ZTF23abjfpng",4.8234227,39.832986209091,0.049,2023-10-12 09:28:20.352,19.085,SN II
SN2023uvb,"ZTF23abjstcg,PS23knf,Gaia23dho,ATLAS23wbw,BGEM J095358.57-062610.7",148.493958,-6.436339,0.015,2023-10-13 12:20:16.002,18.788,SN II
SN2023vbl,"ZTF23abkdzxh,ATLAS23ugq,Gaia23cxn",100.706167,41.743981,0.0315,2023-10-15 09:18:16.001,18.883,SN II
SN2023vcc,"ATLAS23ugd,ZTF23abjthou",289.8993526375,57.73687735,0.05,2023-10-15 06:17:26.304,18.703,SN II
SN2023veo,"Gaia23cww,ZTF23ablaxwm,PS23kpg",137.828958,-1.547569,0.04,2023-10-14 03:34:33.600,18.6,SN II
SN2023vhb,"ZTF23aazprcc,ATLAS23vlj,Gaia23dgq",184.804917,22.42845,0.0222890005,2023-10-18 12:46:00.998,18.1309,SN II
SN2023vjw,"ATLAS23ukq,PS23jts,ZTF23ablvlrz,GOTO23bfe,MASTER OT J110643.34+531330.2",166.680888876,53.2252663183,0.026,2023-10-19 14:49:52.608,18.876,SN II
SN2023vkz,"ATLAS23ulf,ZTF23ablspnz,PS23jvf",127.150723451,57.208849187,0.035,2023-10-19 12:45:07.776,18.953,SN II
SN2023vog,"ZTF23abmoxlu,ATLAS23uod,MASTER OT J094509.62+683511.3,Gaia23dqf,PS23nqd",146.290125,68.586589,0.014817,2023-10-21 10:15:06.002,18.5768,SN II
SN2023vsr,"ZTF23abncsdu,ATLAS23vhb,Gaia23dfm,PS24abu",186.250875,28.555289,0.030153,2023-10-24 12:57:05.000,17.6478,SN II
SN2023vuj,"ZTF23abnjxml,ATLAS23uus,PS24aiu",160.279850322,-13.2030476782,0.016,2023-10-25 12:31:35.003,17.5972,SN II
SN2023way,"XM123MZ,ZTF23abndgbw,ATLAS23uxv,Gaia23dva",321.046458,15.9897,0.018429,2023-10-29 13:54:57.312,18.37,SN II
SN2023wcr,",ZTF23abnogui,ATLAS23wjk",185.8803597,74.9503797,0.00476,2023-10-31 19:04:49.000,16.0,SN II
SN2023wcy,"ZTF23abnrtcb,PS23kfv,Gaia23diw",9.488708,-4.4461,0.042,2023-10-30 03:14:24.000,18.88,SN II
SN2023wli,"GOTO23bcy,ZTF23abolyrl,PS23kft,ATLAS23uzb",81.8759844829,0.63517316268,0.03,2023-11-03 01:06:29.952,19.11,SN II
SN2023wn,"ATLAS23axn,ZTF23aaazdla,PS23xa,Gaia23aph",204.019042,-1.5944,0.015,2023-01-19 08:24:53.568,17.643,SN II
SN2023wpg,"PS23kha,ATLAS23uzk,ZTF23abolkiw",39.9870383334,-2.13175383294,0.044,2023-11-04 08:43:29.856,18.51,SN II
SN2023wpw,"ZTF23abookzh,PS23lde",313.042514585,-13.1428631503,0.032796,2023-11-04 02:37:16.003,19.9793,SN II
SN2023wtz,"PS23kjl,ZTF23aboywdj,ATLAS23vgd,GOTO23btf",64.0992241639,-6.52066198848,0.042,2023-11-05 11:45:06.624,19.17,SN II
SN2023wug,ZTF23abnkibu,188.3724107,26.7398833,0.021902,2023-10-25 13:03:45.792,18.6532,SN II
SN2023wui,"ZTF23abmrwhw,PS23lqh",138.143118398,-7.325086427,0.029,2023-10-19 11:34:21.216,20.1279,SN II
SN2023xgn,"ZTF23abphqjk,PS23lgg",45.7034802382,-15.7059994201,0.031,2023-11-09 06:33:07.200,18.86,SN II
SN2023xip,"ZTF23abpydvb,PS23lrc",121.179005799,8.71558910263,0.03,2023-11-10 09:37:26.400,18.67,SN II
SN2023xkv,"ZTF23abpnqng,Gaia23dfk,ATLAS23wug,PS24gg",199.9765,31.235269,0.0189,2023-11-08 12:47:59.712,18.1261,SN II
SN2023xlu,"ZTF23abqbjjb,ATLAS23vlk,Gaia23dkw",11.941375,12.265511,0.038,2023-11-11 04:36:28.800,18.73,SN II
SN2023xth,"ZTF23abqkppm,ATLAS23wvv",101.1880911,31.0611173,0.017,2023-11-06 11:36:57.600,20.71,SN II
SN2023xvo,"ZTF23abqwald,ATLAS23wvt,PS24gd",170.101201374,28.2986986848,0.03285,2023-11-13 12:45:18.144,19.3039,SN II
SN2023xxt,"ATLAS23vvl,ZTF23absisrd,PS24gc",171.55038985,27.1977036591,0.024,2023-11-17 14:50:08.160,19.06,SN II
SN2023ycr,"ATLAS23vzk,ZTF23abrqyby,Gaia24adq,PS24aba",174.495833,29.955769,0.031,2023-11-19 14:33:06.912,18.245,SN II
SN2023yfh,"ZTF23abrrlrf,Gaia23dmx",14.953833,36.72695,0.035,2023-11-20 04:10:33.600,17.94,SN II
SN2023ynd,"ATLAS23vwy,ZTF24aaakoao",174.1871862,-27.5478722,0.028,2023-11-17 07:58:48.864,18.686,SN II
SN2023yni,"Gaia23djf,ZTF23absjgou,PS24nt",198.456458,6.960969,0.02394,2023-11-24 14:02:24.000,18.09,SN II
SN2023ysv,"ATLAS23wmw,GOTO23bnk,ZTF23abrzfge,PS23lqd",60.8647738973,27.358479394,0.01,2023-12-03 10:23:11.328,18.484,SN II
SN2023ywa,"ATLAS23wqs,PS23llo,ZTF23absscow",13.681978606,39.7588377518,0.01,2023-12-03 09:17:24.576,18.829,SN II
SN2023yyx,"ZTF23abrzxeb,Gaia23doa,PS23lsw,ATLAS23xsw",28.201542,-22.743031,0.031,2023-12-06 05:05:16.800,18.87,SN II
SN2023yzn,"PS23lmc,ZTF23absekbz,ATLAS23xak,Gaia23dpg",18.17525,1.145081,0.04432,2023-12-05 06:56:27.744,18.98,SN II
SN2023yzv,"PS23lmf,ATLAS23wfr,ZTF23abscvhv,Gaia24ahn",80.339417,-15.5414,0.011268,2023-12-05 12:03:08.352,16.74,SN II
SN2023zap,ZTF23abrysyj,7.6613808,12.6816803,0.031,2023-12-06 03:34:39.648,19.5149,SN II
SN2023zcu,"ATLAS23wvm,ZTF23absdcgi,PS23ltf,MLT J060106.81-234029.2",90.2784530333,-23.6747913044,0.006,2023-12-08 04:16:52.896,19.054,SN II
SN2023zdw,"ASASSN-23ip,ATLAS23xah,ZTF23absfszz",6.3855877,6.3151147,0.03,2023-12-08 02:52:48.000,18.0,SN II
SN2023zeh,"ZTF23absejyc,ATLAS23wzl,Gaia23dpf,PS23lwe",17.809917,7.131531,0.04,2023-12-09 02:44:09.600,19.0,SN II
SN2023zfq,"ZTF23abshiqq,ATLAS23xko,PS23lvu",91.6879916201,-25.0394584747,0.049,2023-12-09 07:32:09.600,18.59,SN II
SN2023zjt,"ZTF23absliqb,ATLAS23wyw,GOTO23bts,Gaia24afj",345.963625,3.339839,0.02,2023-12-10 03:07:12.000,18.73,SN II
SN2023zon,"ATLAS23xcx,ZTF23absiytp,PS23lvk,Gaia23dsr",152.325458,18.534581,0.04,2023-12-06 13:46:52.608,18.985,SN II
SN2023zps,"ZTF23abscvgg,PS23nks",81.9557484593,-5.3620535906,0.042,2023-12-10 06:10:10.001,19.375,SN II
SN2023zzk,"ZTF23abtycgb,ATLAS23xnr",54.7199172,40.9886174,0.020127,2023-12-14 03:57:36.000,19.16,SN II
SN2024aalh,"KATS24V004,ZTF24abqncdb,GOTO24ibn,ATLAS24pym,Gaia24dow",295.194125,39.477061,0.035,2024-11-04 15:12:23.040,18.73,SN II
SN2024aalw,"GOTO24hzy,ATLAS24qcm,ZTF24absmmua,BGEM J111800.77-045111.5,Gaia25aam,PS25jz",169.503208,-4.853211,0.0258,2024-11-05 05:57:33.984,17.93,SN II
SN2024aaog,"ZTF24abqndnz,ATLAS24rpd",239.8730844,86.1884636,0.019,2024-11-04 02:45:31.999,19.1745,SN II
SN2024aarq,"ZTF24abrchsb,ATLAS24qbu,GOTO24idr,,PS24nks",115.201784485,49.8946354812,0.05,2024-11-07 09:58:12.002,19.2622,SN II
SN2024aasm,"ZTF24abrfiya,ATLAS24qfe,GOTO24iki",346.99941618340614,-8.743635498471473,0.043,2024-11-08 02:56:53.998,19.1321,SN II
SN2024aavb,"GOTO24idj,ZTF24abnsdev,ATLAS24qgt,Gaia24dmx,PS24ocf,",182.106292,10.020889,0.020525,2024-11-05 06:18:31.968,18.16,SN II
SN2024aawh,"PSP24aa,ZTF24abrirtr,ATLAS24qzw,GOTO24iqw,Gaia24dte,BGEM J132927.89+110022.5,PS25pq",202.36625,11.006289,0.022799,2024-11-10 23:34:52.320,18.11,SN II
SN2024aawp,"ZTF24abrzgil,ATLAS24qht,PS24mwc",359.864024718,21.4133826262,0.035,2024-11-11 03:39:57.997,19.3015,SN II
SN2024aawr,"ZTF24absbhfe,ATLAS24qjb,GOTO24irq",144.4274902,66.2967081,0.023,2024-11-11 08:37:47.003,18.6282,SN II
SN2024aayf,"ZTF24absfzkh,ATLAS24qfd,BGEM J012707.99-030537.5,GOTO24iou,Gaia24dto",21.783208,-3.093731,0.0477,2024-11-12 03:24:08.003,18.8628,SN II
SN2024aayh,"ZTF24absgzvv,PS24kya,ATLAS24qgi,GOTO24inw",51.395851318,-6.57315659681,0.033,2024-11-12 05:35:28.003,18.6695,SN II
SN2024aazo,"ZTF24absbvbs,ATLAS24qnx,GOTO24ijf",69.7616293,1.0429541,0.035,2024-11-11 09:05:24.000,19.5178,SN II
SN2024abeu,"ZTF24absdoug,ATLAS24qmb,GOTO24ixd,PS24mkd",162.840181483,24.8953649725,0.044491,2024-11-11 12:08:18.000,19.2903,SN II
SN2024abfl,",ATLAS24qfn,ZTF24abtczty,GOTO24ilr,Gaia25aav",94.50475,78.367089,0.002979,2024-11-15 14:00:57.000,17.5,SN II
SN2024ablh,"ZTF24abszdqt,ATLAS24rjp,GOTO24jbd,PS25jy,BGEM J125131.43-132002.3",192.880965195,-13.3340863922,0.004376,2024-11-18 13:06:23.999,17.1706,SN II
SN2024ablj,"ZTF24absshbg,ATLAS24rai,Gaia24dnm,BGEM J133105.92+111058.5,GOTO24jua,PS25clz",202.774625,11.182911,0.03,2024-11-14 12:57:40.000,19.1485,SN II
SN2024abmp,"ZTF24abszcqd,ATLAS24qvt,GOTO24isn,Gaia24doq,PS24osw",190.357958,-8.471981,0.025,2024-11-18 12:59:25.995,18.5839,SN II
SN2024abnl,"ZTF24abtblmg,BGEM J024315.53-084841.6,ATLAS24rnz,GOTO25ar",40.814725,-8.811572,0.03,2024-11-08 09:38:33.999,19.8886,SN II
SN2024aboh,"ZTF24abtdiyv,ATLAS24roy",188.4563173,59.0023175,0.043865,2024-11-20 11:15:56.998,19.5612,SN II
SN2024abop,"KATS24W002,ZTF24abtbalq,ATLAS24qic,GOTO24ijt,BGEM J010314.63-061304.0,,PS24mld,Gaia24dts",15.810958,-6.217739,0.0355,2024-11-20 15:06:59.904,18.51,SN II
SN2024abqr,"ZTF24abtjjsg,ATLAS24rob,GOTO24jlu,PS25ac",207.579962835,7.79585251115,0.02410027,2024-11-17 13:15:15.998,18.9612,SN II
SN2024abwq,"Gaia24diw,ZTF24abualms,ATLAS24rbk,GOTO24iui",207.034083,61.15495,0.035,2024-11-16 20:51:21.600,18.41,SN II
SN2024acfz,"ZTF24abugkym,ATLAS24qus",195.8729956,86.7379092,0.028,2024-11-26 10:19:10.004,18.4171,SN II
SN2024acga,"GOTO24ipc,ZTF24abuclbj,ATLAS24qwh,PS24mgz,Gaia24duj",16.005125,-3.529331,0.04,2024-11-26 11:51:50.976,19.42,SN II
SN2024ackd,"ZTF24abuhiar,ATLAS24qsi,GOTO24itd,PS24mku",153.670760782,-9.94047884881,0.031415,2024-11-22 11:18:37.995,19.5652,SN II
SN2024acn,"Tomo-e 202401aaayb,ATLAS24att,ZTF24aabpojp,PS24pc,BGEM J111040.46+210627.1",167.668505874,21.1074646977,0.031,2024-01-13 19:30:26.000,17.57,SN II
SN2024acsb,"ZTF24abutkox,ATLAS24rfv,PS24mtp,GOTO24jlp",174.163978977,57.0202843438,0.045,2024-11-30 09:11:15.000,19.712,SN II
SN2024acsg,"ZTF24abuhlzm,ATLAS24rym,GOTO25bi,PS25djj",200.931949601,-16.3588379614,0.027,2024-11-26 13:16:55.004,19.0308,SN II
SN2024adfg,"ZTF24abvbzbd,PS24mic,GOTO24jdh,ATLAS24rnr",0.139189945188,22.7762556607,0.03,2024-12-02 06:30:13.000,19.2735,SN II
SN2024adfy,"BGEM J021125.84+155725.7,ATLAS24qyz,ZTF24abvbcxs,PS24mow,GOTO24jsq",32.857708,15.957139,0.026702,2024-12-03 01:52:23.000,19.08,SN II
SN2024admm,"ZTF24abwniiv,ATLAS24rdb,GOTO24iym,PS24mlx,BGEM J033606.79-051030.1",54.028333,-5.175039,0.016,2024-12-06 05:58:51.000,17.638,SN II
SN2024adta,"GOTO24iwz,ATLAS24rib,ZTF24abxxflg,PS24mum,Gaia25aee",184.056,28.760069,0.026197,2024-12-09 05:07:48.864,19.08,SN II
SN2024adwj,"ATLAS24rix,ZTF24abxqumm,GOTO24jlg,",120.140595,62.1029513,0.033,2024-12-11 14:03:22.752,19.09,SN II
SN2024adxu,ZTF24abxvcrm,220.27231039999893,-17.477026233333333,0.0139,2024-12-12 13:38:18.001,15.8337,SN II
SN2024adzj,"ZTF24abxvxpa,ATLAS24rpj",39.9720389,49.159879,0.02,2024-12-05 08:51:44.997,20.4648,SN II
SN2024aeaj,",ATLAS24rmh,ZTF24abxvpxg,GOTO24jeo,PS24mwj",6.07855715879,-1.64102563309,0.037,2024-12-14 03:58:10.000,19.5,SN II
SN2024aebt,"ZTF24abxylal,ATLAS24rmt,GOTO24jci,PS24mus,Gaia24due",135.096875,64.86135,0.036,2024-12-14 06:16:16.000,19.5589,SN II
SN2024aeds,",GOTO24jov,ZTF24abyhkwl,ATLAS25akb",251.7459942,58.4331449,0.017522,2024-12-16 16:30:00.000,18.0,SN II
SN2024aeee,",GOTO24jbu,ZTF24abyatjx,ATLAS24rmp,Gaia24dth",123.712208,73.578869,0.0116,2024-12-17 15:29:00.000,16.5,SN II
SN2024aeeg,"ZTF24abybsoa,ATLAS24rma,GOTO24jdi,Gaia24dti,PS24ndt,WFST0457cgau",23.278583,0.175819,0.0165,2024-12-17 05:55:27.001,17.716,SN II
SN2024aefa,"ATLAS24rlv,GOTO24jfn,ZTF24abyaowk,BGEM J050006.52+243127.6,,PS24pgc",75.0270683779,24.5242882163,0.048,2024-12-18 10:40:04.800,18.544,SN II
SN2024aeui,"ATLAS24rsu,ZTF24abzbdqw,GOTO25hf",349.2160084,9.2580857,0.040671,2024-12-24 05:13:31.008,19.197,SN II
SN2024aeyd,"ATLAS24ruq,ZTF24abzwpkx,GOTO25eu,PS25ui",238.612161392,18.524596373,0.032,2024-12-25 15:22:26.112,18.255,SN II
SN2024agji,"ATLAS24sda,ZTF24abzwviq,GOTO24jso",194.5873221,-11.1672682,0.016,2024-12-28 14:13:49.152,18.871,SN II
SN2024agnx,"ZTF18aaqjtti,GOTO24jtr,ATLAS24rqm",199.3942542,33.6455515,0.036169,2024-12-22 10:22:46.004,18.627,SN II
SN2024aju,"ATLAS24bah,ZTF24aackkkn,PS24mt",44.7082770301,-25.5735364315,0.037,2024-01-17 01:04:58.368,18.838,SN II
SN2024alv,"ZTF24aadefcx,PS24akr",188.876667235,-2.32355963442,0.023917,2024-01-16 11:41:23.997,19.9874,SN II
SN2024amc,"ZTF24aadecbb,ATLAS24bbn,PS24bdj,BGEM J122447.95-005923.5",186.199789423,-0.989820127798,0.03,2024-01-16 11:39:50.400,20.06,SN II
SN2024anc,"ATLAS24baz,PS24nq,ZTF24aaczgax",164.566586339,23.6936882578,0.0212810002,2024-01-18 11:19:13.152,18.779,SN II
SN2024atk,"ATLAS24bie,PS24amo,ZTF24aaejvcx,BGEM J131831.15-143639.3",199.629716821,-14.6108487746,0.009637,2024-01-24 01:39:02.592,17.722,SN II
SN2024aul,"ZTF24aadkwni,ATLAS24bih",155.4718204,0.2955996,0.0215,2024-01-26 10:10:51.001,17.6095,SN II
SN2024bch,",GOTO24hm,PS24aap,ATLAS24bmx,Gaia24bdk,MASTER OT J102149.74+565540.4,ZTF24aaghpeh",155.45725,56.927919,0.003839,2024-01-29 06:02:50.000,16.145,SN II
SN2024bqr,"ATLAS24btz,ZTF24aaejrzs,PS24bbm",217.725642361,40.714241908,0.0178,2024-02-03 10:33:41.184,17.416,SN II
SN2024bqy,"ATLAS24bua,ZTF24aaekazg,PS24azj,Gaia24axh,GOTO24bhk,BGEM J144735.81-192317.0",221.899208,-19.388089,0.023,2024-02-05 08:42:50.112,18.379,SN II
SN2024brg,"ATLAS24bvo,ZTF24aaegbrh",48.5386127,16.4747896,0.0336,2024-02-05 06:38:46.752,18.899,SN II
SN2024btj,"PSP24K,ATLAS24bzr,ZTF24aaejecr,PS24baj,Gaia24apq,",174.809792,56.260581,0.007976,2024-02-05 23:08:07.008,18.53,SN II
SN2024bwy,"ATLAS24bzy,ZTF24aaekccp,Gaia24aut",262.448042,52.51685,0.025,2024-02-07 15:20:57.120,18.261,SN II
SN2024cab,"ATLAS24boo,ZTF24aaekofc",261.6966197,38.0504073,0.041,2024-01-31 14:50:15.936,18.598,SN II
SN2024cdt,"ZTF24aaekclg,PS24bff,Gaia24ato",230.178708,49.107339,0.04,2024-02-11 10:30:43.200,18.91,SN II
SN2024ceo,"ZTF24aaekbmx,PS24bez,ATLAS24dxn",227.692927378,9.46434206211,0.035,2024-02-11 10:16:19.200,19.35,SN II
SN2024chx,"ZTF24aaemydm,ATLAS24clf,PS24aqv,MASTER OT J095428.45-183810.9,Gaia24btw",148.618792,-18.63635,0.012602,2024-02-12 06:07:57.999,18.2315,SN II
SN2024ciu,"ZTF24aaerzgo,ATLAS24bmp",285.4764190831848,28.33508071637492,0.01,2024-02-12 12:46:07.003,18.9851,SN II
SN2024cld,"GOTO24ql,ATLAS24clv,Gaia24avs,ZTF24aahnklb,PS24cbo",237.589792,18.93895,0.014,2024-02-13 05:28:40.800,17.97,SN II
SN2024cro,"ZTF24aaezido,PS24bis,ATLAS24fme",190.306524516,20.6700007868,0.022001,2024-01-16 12:59:34.368,20.465,SN II
SN2024czj,"ATLAS24cpo,ZTF24aagchqx,Gaia24apo",197.271375,29.90215,0.015,2024-02-17 13:33:16.992,18.987,SN II
SN2024daa,"PS24axr,ZTF24aafqzur,ATLAS24diz",216.488374548,-2.39228035619,0.03121,2024-02-17 14:39:41.760,19.76,SN II
SN2024ddd,"ATLAS24ctc,GOTO24tu,ZTF24aagkuss,PS24bsd",237.010324985,25.2497916549,0.0422249995,2024-02-21 12:59:19.680,18.456,SN II
SN2024dga,"ATLAS24cux,PS24bfm,ZTF24aagozyk,Gaia24atf",224.899833,49.3267,0.0267,2024-02-23 11:56:32.640,18.241,SN II
SN2024dgy,"ATLAS24cxn,ZTF24aagpsfh,PS24dtj,GOTO24enz",64.5100446557,1.36681532342,0.01,2024-02-27 01:41:45.888,16.958,SN II
SN2024dhc,"ATLAS24cww,ZTF24aagjqcx,Gaia24ben,PS23nql",142.392917,-11.032289,0.0275,2024-02-26 04:47:26.304,17.887,SN II
SN2024dhi,"ZTF24aagiwoi,ATLAS24dtf,PS24brw,WFST-PS240307cc",168.28614121,5.07451815932,0.027054,2024-02-28 07:16:52.999,18.938,SN II
SN2024dit,"ATLAS24czx,ZTF24aagwfly,PS24boa",79.8222869847,1.32396224022,0.02671,2024-02-28 08:13:56.928,18.525,SN II
SN2024drt,"ATLAS24dcr,ZTF24aagmhtq",190.4363117,35.0655321,0.023093,2024-03-02 11:40:28.416,17.928,SN II
SN2024drv,"ATLAS24dct,,PS24bhs,ZTF24aahiabd,MASTER OT J133828.03+330655.5,GOTO24wy,Gaia24boy",204.616083,33.115481,0.008132,2024-03-02 12:18:32.832,16.556,SN II
SN2024dxh,"ZTF24aagtqam,Gaia24auw,BGEM J140208.64-080346.2,PS24dtz",210.535958,-8.062939,0.02,2024-03-05 10:56:42.003,17.8649,SN II
SN2024ees,"ZTF24aahalmb,ATLAS24dnk,MLT J123242.15+143227.6,PS24dua",188.175772312,14.5409356694,0.0235,2024-03-11 06:44:36.672,18.4564,SN II
SN2024egd,"ZTF24aagupsf,ATLAS24ebs,PS24bog",247.672811975,44.5111269136,0.0316749997,2024-03-14 09:56:47.996,18.4082,SN II
SN2024ehs,"ATLAS24dqq,ZTF24aahgqwk,MASTER OT J105300.65+173422.3,BGEM J105300.51+173421.3",163.2522338,17.5726119,0.003776,2024-03-15 11:16:49.728,18.098,SN II
SN2024elf,"ATLAS24dwb,ZTF24aahestx,PS24efz",264.113290571,39.9653825478,0.03,2024-03-15 13:42:55.008,18.523,SN II
SN2024epf,"Gaia24baa,ZTF24aaikwul,GOTO24cjs,PS24ivt",354.033042,44.386981,0.015,2024-03-16 05:09:36.000,18.88,SN II
SN2024epy,"ZTF24aahgmyj,ATLAS24enc,PS24elp",146.693940681,13.5315070808,0.024187,2024-03-19 05:27:45.002,19.3069,SN II
SN2024eqm,"ZTF24aahgkxm,ATLAS24ekj,PS24bmn,Gaia24bdz",156.016792,40.169381,0.04,2024-03-19 05:42:43.200,19.46,SN II
SN2024eqw,ZTF24aagwvgi,105.25684,51.266339,0.020954,2024-03-10 03:41:45.600,19.53,SN II
SN2024esa,"ZTF24aahhanf,ATLAS24ekg,PS24bnz",167.080281844,10.0369979782,0.04085,2024-03-20 05:35:45.888,18.4409,SN II
SN2024esi,"ZTF24aahestt,PS24bsg,BGEM J154720.90+104657.7",236.837042571,10.782617436,0.0338,2024-03-20 11:04:50.880,19.66,SN II
SN2024etj,"ZTF24aahezwm,ATLAS24fgm,PS24cko,BGEM J160145.85+150246.9",240.441048412,15.0463185281,0.03,2024-03-20 11:05:31.998,19.3997,SN II
SN2024etu,"ZTF24aahmyct,ATLAS24ejh",182.44883,59.4563728,0.043443,2024-03-21 08:48:42.001,19.7679,SN II
SN2024evl,"ZTF24aahoxay,ATLAS24ekh,PS24brz,WFST-PS240409a,WFST-PS240321a",171.075124812,0.644163534757,0.026364,2024-03-22 06:02:47.616,18.95,SN II
SN2024exw,",ATLAS24ekc,ZTF24aahszxf,MASTER OT J121327.38+144640.0,PS24bpn,MLT J121327.36+144640.1,GOTO24amf,Gaia24byb,BGEM J121327.34+144640.5",183.364,14.777881,0.007,2024-03-24 16:11:08.000,15.9,SN II
SN2024eyr,"ZTF24aahsmkt,ATLAS24ejx,Gaia24beo,MLT J102806.18+215746.5",157.026125,21.96295,0.037675,2024-03-26 06:19:08.256,18.83,SN II
SN2024fa,"PS24ca,ATLAS24adw,ZTF24aaadwlw,Gaia24aoe",36.255667,-24.786911,0.01,2024-01-03 05:21:13.248,17.98,SN II
SN2024fad,"ZTF24aahwcei,ATLAS24enp,Gaia24bef,PS24bvr",166.803375,57.750711,0.0328,2024-03-28 07:17:21.408,19.11,SN II
SN2024faf,ZTF24aahmgck,172.2389414,73.0367011,0.021198,2024-03-21 08:05:11.002,19.6941,SN II
SN2024faq,"ZTF24aahxgoa,ATLAS24emw,GOTO24afn",236.1240061,40.3565465,0.026,2024-03-28 10:40:48.000,18.57,SN II
SN2024fas,"ZTF24aahwfsa,PS24bmf",162.980738774,37.5899535711,0.026033,2024-03-28 07:41:17.376,19.5652,SN II
SN2024fca,"ZTF24aahxokj,ATLAS24geo,GOTO24cjt,PS24ejv",336.415912306,8.63876738431,0.02,2024-03-28 12:44:38.400,17.5,SN II
SN2024fdl,"ZTF24aahnefg,PS24bsp",213.302861725,-6.49128534607,0.04,2024-03-21 10:22:04.800,19.0,SN II
SN2024fdq,"ZTF24aahzuph,PS24bsi,MLT J100200.50-080945.7",150.502251042,-8.16267805559,0.0152409999,2024-03-29 08:46:50.002,18.7143,SN II
SN2024fpb,"ZTF24aaiahlv,BGEM J190950.30-175543.2",287.4594612,-17.9287412,0.022132,2024-03-29 11:19:40.800,17.9,SN II
SN2024fpf,"ATLAS24ewm,ZTF24aaimzkp,PS24brx",215.319523069,22.0400338272,0.0152,2024-04-04 12:40:45.120,18.306,SN II
SN2024fqs,"ZTF24aaefwoh,PS24ggq",345.615878711,27.2058134285,0.034,2024-04-03 12:33:23.996,18.927,SN II
SN2024frf,"ZTF24aaijsxa,ATLAS24fef,Gaia24bhv,PS24eby",266.936083,40.8473,0.03,2024-04-04 10:24:50.999,19.7521,SN II
SN2024gag,"PSP24N,ATLAS24fmf,PS24bub,MASTER OT J070842.63+544651.2,MASTER OT J070842.72+544649.0,ZTF24aaonpbv",107.177849941,54.7808803472,0.017,2024-04-08 15:45:16.416,19.1,SN II
SN2024gah,ZTF24aaifkqk,243.1323234,11.3855111,0.041003,2024-04-04 10:03:06.912,20.5901,SN II
SN2024gke,"ZTF24aajhotx,ATLAS24fwe,PS24bue",223.775343093,46.7292543462,0.026,2024-04-12 08:43:18.002,18.2584,SN II
SN2024grw,"ATLAS24fvu,ZTF24aajxppf,Gaia24bit",269.590167,9.681511,0.0214,2024-04-17 03:08:27.168,18.365,SN II
SN2024grz,"ZTF24aajzrsq,ATLAS24gdn,PS24bze,GOTO24aqz",213.090171104,8.50534566142,0.02321,2024-04-17 07:16:07.104,19.3,SN II
SN2024gvy,"ATLAS24gai,ZTF24aamyukz,PS24dyw",319.843750573,-17.8039092418,0.035,2024-04-18 08:52:16.896,18.03,SN II
SN2024hme,"ZTF24aalceob,PS24chh,ATLAS24irb",241.490583907,27.1892265601,0.0308030006,2024-04-29 07:24:47.232,20.1372,SN II
SN2024hpg,"ZTF24aakzive,GOTO24bhm,ATLAS24gwk,PS24dup",322.930042616,0.362125781055,0.029381,2024-04-28 11:12:13.999,19.3575,SN II
SN2024hw,"ZTF24aaaibep,ATLAS24sdj",161.71815396048032,-1.3909486700872726,0.0389,2024-01-05 08:34:34.996,17.9378,SN II
SN2024hwq,"ZTF24aakzvlb,MLT J095413.75+003824.5",148.5573743,0.6401792,0.034,2024-05-03 04:06:34.272,19.52,SN II
SN2024iad,"ZTF24aalrjzr,GOTO24bgc,ATLAS24hsa",179.984051,22.1911524,0.022752,2024-05-04 07:11:00.384,19.3835,SN II
SN2024igk,ZTF24aamlzwg,247.1046738,40.8581279,0.033,2024-05-07 09:16:03.360,18.8028,SN II
SN2024ikx,"ZTF24aampakt,ATLAS24hpi,GOTO24cgl,PS24dde,Gaia24bnl",197.456708,11.411081,0.025107,2024-05-08 07:28:14.592,20.22,SN II
SN2024iqx,"ZTF24aanbjel,ATLAS24hgr,GOTO24bpr",246.13463130887533,59.56252775567624,0.0313,2024-05-10 07:10:44.003,19.4682,SN II
SN2024irz,"ZTF24aanamle,ATLAS24ipx,PS24mwd",220.545645691,12.9425835498,0.0281569995,2024-05-11 06:09:26.999,19.5369,SN II
SN2024iub,"ZTF24aanppvy,ATLAS24hhq,PS24dla",233.254954762,-6.55152603173,0.027,2024-05-12 08:04:29.003,20.2006,SN II
SN2024iut,"ZTF24aanngpp,ATLAS24irs,Gaia24bjl",13.884833,30.399,0.022265,2024-05-13 11:49:17.996,18.3388,SN II
SN2024iwm,"ZTF18aaqpowv,ATLAS24hkd,Gaia24bpk,ZTF24aavyged",172.074167,26.973981,0.0324,2024-05-15 05:16:11.003,19.0342,SN II
SN2024iyy,"ZTF24aaoaega,PS24crw,ATLAS24hnv",267.699987224,6.04156653196,0.0203,2024-05-16 09:36:36.996,18.5759,SN II
SN2024izq,"ZTF24aamzqsv,PS24csi",141.238457224,40.399497675,0.0278040003,2024-05-17 05:45:27.360,18.7551,SN II
SN2024jfp,"ATLAS24hpa,GOTO24cry,ZTF24aaqkvyl,Gaia24bmy,PS24hgz",355.062875,4.342539,0.01,2024-05-22 14:05:51.360,17.336,SN II
SN2024jgk,"ATLAS24hqd,ZTF24aaosqgf,PS24dgf,Gaia24bnh",214.498125,16.7354,0.0188,2024-05-24 09:03:44.640,18.004,SN II
SN2024jgr,"ZTF24aaosrdt,GOTO24cdy,ATLAS24hst,Gaia24bpu",254.172792,46.306869,0.033,2024-05-25 06:29:28.608,18.55,SN II
SN2024jhv,"ZTF24aaotzpd,GOTO24ctd",254.4499085,79.7816534,0.0496,2024-05-26 08:44:09.004,18.696,SN II
SN2024jjc,"ZTF24aaoupov,GOTO24czg,ATLAS24jtb,Gaia24byr,PS24iys",30.870292,38.119211,0.01886,2024-05-26 11:32:46.996,17.1952,SN II
SN2024jjd,"ZTF24aaoupgb,ATLAS24jtq,GOTO24ctm,PS24igv",24.67725745,31.1089027898,0.04,2024-05-26 11:30:44.999,18.5149,SN II
SN2024jky,"ZTF24aaovohi,ATLAS24irm",220.4158527,36.7382931,0.03,2024-05-22 07:23:43.995,19.5282,SN II
SN2024jlf,"ZTF24aaozxhx,ATLAS24hul,PS24ddd,GOTO24civ,Gaia24bks",219.426333,2.2845,0.005844,2024-05-28 05:58:16.000,15.8768,SN II
SN2024jqz,"ZTF24aapebzb,ATLAS24hvt,GOTO24crk",207.3680713,71.5165862,0.0483,2024-05-29 05:46:39.002,19.064,SN II
SN2024jrl,"ATLAS24hup,ZTF24aaouvvr",159.8939578,-0.2519998,0.0188,2024-05-28 05:56:45.600,18.824,SN II
SN2024jrx,ZTF24aapdzay,211.18092463681378,-9.714626018741534,0.0286,2024-05-27 06:00:47.002,19.3244,SN II
SN2024jxm,"ZTF24aaplfjd,ATLAS24irz,GOTO24ctz,PS24hrx",14.5055897432,30.7065683979,0.015761,2024-05-30 11:11:02.002,19.5151,SN II
SN2024kan,"ZTF18abwisaz,ATLAS24ioy",342.2792455,32.7980881,0.028,2024-06-01 09:43:12.864,18.6851,SN II
SN2024kdz,"ATLAS24iny,GOTO24cka,ZTF24aaqgdpu,PS24fct",219.39500332,37.928380646,0.032,2024-06-02 08:59:02.976,19.187,SN II
SN2024kee,"ZTF24aaqiqpw,GOTO24cqd",240.36000944222116,71.40291514257207,0.039037,2024-06-01 07:22:34.996,20.7045,SN II
SN2024kqi,"ZTF24aaqzkpr,ATLAS24joz,GOTO24ddk,Gaia24bqk",230.4555,50.511139,0.035261,2024-06-07 08:17:47.002,20.6035,SN II
SN2024ks,"ZTF24aaaefgv,ATLAS24ahz,Gaia24aki",57.992917,27.343269,0.02,2024-01-05 03:13:16.003,19.1107,SN II
SN2024kww,"ZTF24aaqugzv,ATLAS24ixn,GOTO24crg,PS24egu",258.411133341,41.0571709786,0.04,2024-06-07 08:42:06.998,20.6151,SN II
SN2024kzn,"ATLAS24ivk,GOTO24cpp,ZTF24aaplfkj,Gaia24blm,PS24fts",359.175167,13.773689,0.0362,2024-06-10 13:58:34.176,19.003,SN II
SN2024lby,"ZTF24aarvbxj,GOTO24crc,ATLAS24iyb,PS24ftr",305.669939785,-8.17828763674,0.02,2024-06-12 09:34:22.998,18.1862,SN II
SN2024ldu,ZTF24aarajmv,298.5215352,49.9464575,0.024957,2024-06-08 10:48:13.003,20.1101,SN II
SN2024lel,ZTF24aarxfmk,313.8879296,7.480353,0.0189100001,2024-05-16 10:25:59.808,20.1134,SN II
SN2024lhs,"ZTF24aascytf,ATLAS24jbo,PS24egw",250.726831542,33.7369424188,0.037,2024-06-15 05:13:40.995,20.1499,SN II
SN2024lhv,"ZTF24aasbtjr,ATLAS24kdb,GOTO24dmf,PS24gyq,Gaia24cad",40.289833,26.462839,0.04,2024-06-14 11:17:33.999,18.8201,SN II
SN2024llc,"ASASSN-24dx,ATLAS24jij,GOTO24cvw,ZTF24aaupozr,PS24hqe",23.4269289589,3.5433982814,0.012,2024-06-16 03:36:00.000,16.0,SN II
SN2024lor,"PS24ehk,GOTO24cuj,ZTF24aasqlze,ATLAS24jpa",248.567447373,52.9413497536,0.028,2024-06-18 09:51:25.344,19.12,SN II
SN2024lss,"ZTF24aasktmr,ATLAS24jmd,PS24fhn,GOTO24daj",247.842457426,22.7024307559,0.024,2024-06-19 05:04:07.999,18.6678,SN II
SN2024lst,"ZTF24aaskxai,GOTO24cwo",205.8585746,-11.373244399999999,0.026028,2024-06-19 05:32:07.996,17.5285,SN II
SN2024mld,"ZTF24aasvdze,ATLAS24jti,PS24hbr,GOTO24duv",259.663889155,21.6790856821,0.043,2024-06-23 06:06:54.002,18.9903,SN II
SN2024mlt,"ZTF24aasqcng,ATLAS24jxu,PS24hqt",336.459952695,17.8001104376,0.04,2024-06-21 10:28:40.002,19.7604,SN II
SN2024mmm,"ZTF24aaswrbq,PS24eme",338.029697407,0.0279995862087,0.038,2024-06-03 10:07:35.002,19.9817,SN II
SN2024mnp,"ATLAS24jnd,GOTO24cwr,ZTF24aarygdq,BGEM J021011.76+151838.8,Gaia24caf,PS24jge",32.548917,15.310931,0.013612999580801,2024-06-23 14:09:14.400,16.583,SN II
SN2024mus,"GOTO24cyx,ZTF24aatcesi,ATLAS24jul",253.6696565,27.1141875,0.041,2024-06-26 00:51:29.664,19.36,SN II
SN2024mxq,"ZTF24aatifzm,ATLAS24jwe,GOTO24dgz,BGEM J144405.79+091647.5",221.0242941625,9.279855,0.03106,2024-06-23 05:59:50.003,19.5774,SN II
SN2024nbm,"ZTF24aatlxli,ZTF24aattdfo,PS24ifu",53.7470837865,26.5753669851,0.033,2024-06-27 11:26:51.002,18.5273,SN II
SN2024nbv,"ZTF24aatsmxc,ATLAS24jyd,GOTO24dji,PS24gnc",319.384694347,-23.3210757283,0.045,2024-06-23 10:02:14.000,19.0378,SN II
SN2024neg,"ZTF24aatzgha,GOTO24dic,PS24gnh,Gaia24cbv",226.781667,-13.1095,0.022,2024-06-30 04:32:54.000,18.2234,SN II
SN2024nez,"ZTF24aaucrua,GOTO24dgv,PS24jdr,BGEM J203635.53+112902.9",309.148016251,11.4841566703,0.0149622,2024-06-30 09:30:31.999,19.2803,SN II
SN2024nfq,"ATLAS24jho,ZTF24aasigoj",14.1964133,-1.7860765,0.04,2024-06-30 09:34:55.200,18.156,SN II
SN2024nj,"ZTF24aaaieeg,ATLAS24aot",121.67945240000002,73.5894929,0.025,2024-01-06 07:35:02.400,18.97,SN II
SN2024noy,"ATLAS24jrd,ZTF18aaquvvq",213.1261055,34.5488384,0.032,2024-06-25 08:05:01.248,18.421,SN II
SN2024nrc,"ATLAS24kdg,GOTO24dpy,ZTF24aavhseb,PS24lew",41.4331026212,2.83969165276,0.025,2024-07-02 14:09:22.176,18.091,SN II
SN2024nsp,"ZTF24aaugxzp,GOTO24djh,ATLAS24kqs,Gaia24bza,PS24htu",18.52025,-1.7432,0.0164,2024-07-03 10:35:26.000,18.789,SN II
SN2024opz,"GOTO24djy,ZTF24aaumfvx,ATLAS24kre,BGEM J161015.17+010303.5,PS24gyj",242.563274539,1.05098148863,0.0278,2024-07-07 23:52:54.048,18.77,SN II
SN2024oqd,"ATLAS24krc,GOTO24dnn,PS24iia,ZTF24abckzax,BGEM J011902.08-170327.4",19.758658316,-17.0575549842,0.02,2024-07-07 08:27:09.216,18.757,SN II
SN2024ov,"ZTF24aaasazz,ATLAS24alr,PS24att,BGEM J115028.77-183442.1",177.61996433,-18.5785634041,0.0228,2024-01-06 13:27:31.003,20.091,SN II
SN2024pba,"ATLAS24kuj,ZTF24aatytqv,GOTO24dnc,PS24iig",25.307643341,49.0634238492,0.01,2024-07-06 14:21:27.936,18.083,SN II
SN2024pcw,"ATLAS24kve,ZTF24aataxft,Gaia24bxx,PS24jcl",26.149583,37.697719,0.0188599993,2024-07-08 12:21:48.960,18.724,SN II
SN2024phv,"DLT24s,ATLAS24lfi,GOTO24dqb,ZTF24acaccrk,PS25yx",178.097492163,-26.9014089031,0.006715,2024-07-10 23:57:02.016,17.3523,SN II
SN2024phz,"ATLAS24laz,ZTF24aauyikt,GOTO24hzw,PS24mtj",185.815687444,11.3650958922,0.0052,2024-07-11 23:01:54.624,17.669,SN II
SN2024pkt,"ATLAS24lex,GOTO24doa,ZTF24aawakwl,PS24hhd",349.662923462,15.9591893531,0.025,2024-07-13 12:44:42.720,18.158,SN II
SN2024plj,"ZTF24aavttjp,GOTO24doy,ATLAS24lsf,PS24hht",258.993616944,1.4209425764,0.0286,2024-07-12 08:29:02.996,19.5527,SN II
SN2024ppj,"ZTF24aavyicb,ATLAS24lnd,GOTO24dtc,PS24heb,Gaia24cgf",249.190375,56.3361,0.031,2024-07-16 04:42:36.000,19.5757,SN II
SN2024pso,"ATLAS24lng,GOTO24dqa,ZTF24aawklme,PS24hgo",3.09019378821,17.7941763585,0.018,2024-07-18 12:53:58.272,17.353,SN II
SN2024pwa,"ZTF24aawpwhq,ATLAS24lue,PS24hgw",348.850033133,3.88452269115,0.035,2024-07-22 09:35:50.000,18.79,SN II
SN2024qfq,"ZTF24aaxhomn,ATLAS24maq,PS24hfy,GOTO24fbn",314.49253191,-6.21409589373,0.047,2024-07-27 08:05:50.997,19.6933,SN II
SN2024qgl,"PS24hbm,ATLAS24lum,GOTO24eke,ZTF24aayqvru",324.038132078,-15.1709006521,0.049,2024-07-26 12:18:33.696,18.46,SN II
SN2024qje,"ATLAS24luh,GOTO24dyp,ZTF24abbtmqs,PS24kdo",74.0293976445,-7.51292719654,0.025,2024-07-28 09:49:34.752,17.774,SN II
SN2024qmx,"ZTF24aaxnvou,ATLAS24nbp,GOTO24feb,PS24izs,Gaia24cpn",96.923,52.727861,0.035,2024-07-28 11:44:40.997,18.4473,SN II
SN2024qnc,"ZTF24aaxqnbe,PS24hqc,ATLAS24mqa",28.3977671759,6.68275037623,0.0312,2024-07-29 09:32:59.000,19.2826,SN II
SN2024qot,"ZTF24aaxtoch,GOTO24dyj,ATLAS24mdz",297.5142668,-25.1976602,0.0385,2024-07-28 08:01:43.003,19.8421,SN II
SN2024qqb,"ATLAS24mcm,ZTF24aaxlnut",333.3520089000007,26.36184809999954,0.047,2024-07-30 10:56:46.176,19.509,SN II
SN2024qux,"ATLAS24mdt,GOTO24eht,Gaia24cey,ZTF24abcqauy,PS24jmg",74.550125,-20.367269,0.023,2024-08-01 03:16:20.640,18.885,SN II
SN2024qwl,"ZTF24aaybafr,ATLAS24mmh,BGEM J151907.18+081628.4",229.7800427,8.2746479,0.035,2024-08-02 04:21:43.001,19.0891,SN II
SN2024qxz,"ZTF24aaxyrrd,ATLAS24mjp,GOTO24eki,,PS24ibk",350.979404428,9.61021134998,0.03,2024-07-31 09:10:53.996,19.8792,SN II
SN2024rkd,"ZTF24aayxdbn,GOTO24erb,ATLAS24msw,PS24kdj",347.236151659,3.23451922575,0.042623,2024-08-05 08:29:25.995,19.4941,SN II
SN2024rnu,"ZTF24aazjdml,GOTO24eqi,ATLAS24mpk,PS24hto,Gaia24chb",265.870375,39.092561,0.032,2024-08-07 04:25:24.997,18.9595,SN II
SN2024slp,"ZTF24abcenxy,ATLAS24nut,GOTO24gym,PS24kwu",110.520713029,17.420662511,0.015798,2024-08-18 12:07:20.000,17.6987,SN II
SN2024str,"ZTF24abcbmug,ATLAS24nnw,GOTO24ffq,BGEM J051453.02+052454.7,Gaia24csf,PS24jhg",78.721042,5.415189,0.0243,2024-08-25 10:56:19.392,18.8982,SN II
SN2024svd,"ZTF24abcyfru,ATLAS24nkj,GOTO24fdp",280.87400035556,58.129915766667,0.03,2024-08-26 05:52:45.000,19.153,SN II
SN2024syq,"ATLAS24nkg,GOTO24eyj,PS24izd,ZTF24abcwpky,BGEM J023829.86-253750.6",39.62445,-25.630744,0.0248,2024-08-27 07:32:38.976,18.995,SN II
SN2024tvg,"ZTF24abdtszn,ATLAS24nqc,GOTO24fsx",354.8244899,26.8445595,0.026,2024-08-29 07:20:28.999,19.4045,SN II
SN2024twl,ZTF24abdsgdk,281.9353514255323,49.57163785773613,0.037,2024-08-27 05:10:35.996,20.6474,SN II
SN2024tzi,"ZTF24abeebbl,GOTO24fgt,ATLAS24npk,Gaia24cwa",270.600083,30.107289,0.02,2024-08-31 04:53:18.003,18.8741,SN II
SN2024tzk,"GOTO24ffz,ZTF24abdumvs,ATLAS24nqk,Gaia24chx,PS24lun",13.581083,35.059281,0.03,2024-08-31 02:51:12.096,19.11,SN II
SN2024uhu,"ZTF24abesffh,ATLAS24nxy,GOTO24fss",257.3445486,-5.0926106,0.02,2024-08-31 04:34:20.997,20.0777,SN II
SN2024uki,"ATLAS24ntr,GOTO24frs,ZTF24abiyona",66.8255635,-4.9202852,0.04,2024-09-02 08:20:53.376,19.258,SN II
SN2024uzf,"ZTF24abgjdxk,ATLAS24pex,GOTO24hwx",241.679267,48.724514,0.0203933,2024-09-08 03:59:22.000,20.074,SN II
SN2024V,"PS24j,ZTF24aaarlvj",178.006197719,57.6936850511,0.030779,2024-01-01 14:18:55.872,20.07,SN II
SN2024vbo,"GOTO24fuc,ZTF24abfuscm,Gaia24ddu",110.197958,25.349569,0.032,2024-09-07 04:56:47.904,18.89,SN II
SN2024vcr,"ZTF24abgeiva,ATLAS24ock,PS24izc",50.7684192363,-16.7111937473,0.045,2024-09-07 10:27:50.002,19.5576,SN II
SN2024vcs,"ZTF24abgoksi,GOTO24gar,ATLAS24ouo,PS24mep",132.111874429,14.6656823777,0.01,2024-09-08 12:15:30.000,15.8164,SN II
SN2024vcv,"ZTF24abgweei,GOTO24gsf,Gaia24cvc,ATLAS24pfv,PS24lqt",137.599542,24.63575,0.045,2024-09-05 12:26:07.995,18.4169,SN II
SN2024vfo,",GOTO24fwv,ZTF24abhbrcs,ATLAS24oen,PS24kxf",16.8641244251,39.4037724913,0.019577,2024-09-11 13:58:17.000,18.8,SN II
SN2024vik,"ZTF24abhgjqn,ATLAS24oju,PS24jkz,,GOTO24grt",359.998579428,32.7121556797,0.035404,2024-09-13 08:43:20.999,20.1595,SN II
SN2024vjf,"ZTF24abhptym,GOTO24fyr,ATLAS24oip,Gaia24csc",239.704625,14.971469,0.035413,2024-09-14 03:37:19.004,18.9361,SN II
SN2024vkt,"ZTF24abgvkwg,GOTO24fyt,ATLAS24omy,PS24mlh",122.520374923,46.1925211478,0.031603064,2024-09-15 11:50:32.352,18.4637,SN II
SN2024vls,"ATLAS24ogf,ZTF24abhupjy,Gaia24csb,GOTO24gph",101.658917,22.50935,0.0245,2024-09-15 14:32:47.904,18.766,SN II
SN2024vme,"ZTF24abhwvrb,GOTO24glv",129.1408344999999,-1.6494720000003855,0.017142,2024-09-15 12:20:15.000,18.9937,SN II
SN2024vpx,"ZTF24abibcib,Gaia24cqm,ATLAS24opv,GOTO24glr,BGEM J043811.86+085443.5,PS24lqx",69.5495,8.912019,0.0352,2024-09-18 10:20:11.003,19.159,SN II
SN2024vqy,"ZTF24abhzafp,ATLAS24qdm,GOTO24iru,PS24mhd",196.095152507,28.8059203462,0.026,2024-09-18 02:46:35.996,18.0578,SN II
SN2024vs,"PSP24B,ZTF24aabpzuz,ATLAS24azr,Gaia24aqf",117.780333,72.965961,0.01,2024-01-10 21:23:24.864,16.8,SN II
SN2024vsu,",ATLAS24ooz,GOTO24gpg,ZTF24abihpmn,PS24lsw",139.930486197,33.7341888939,0.0203670003,2024-09-19 19:39:34.000,17.5,SN II
SN2024vvu,"ZTF24abihsvi,Gaia24cxz,ATLAS24pkd,GOTO24hhf,BGEM J100429.66+144550.3,PS24mmv",151.123542,14.764011,0.023256,2024-09-21 12:43:56.997,18.0743,SN II
SN2024vwp,"ZTF24abijcdx,ATLAS24oks,Gaia24ctk,PS24ksa",258.733375,8.561331,0.034,2024-09-22 04:54:19.002,19.2197,SN II
SN2024wp,",ATLAS24ats,ZTF24aabppgn,PS24ns,MLT J112439.24+145652.7",171.163516273,14.9480403003,0.013864,2024-01-11 10:34:21.000,18.9,SN II
SN2024ws,",ZTF24aabsmvc,ATLAS24bax,PS24nv,Gaia24aqe",127.194583,73.752369,0.012,2024-01-12 14:03:40.000,17.8,SN II
SN2024wtu,"ATLAS24oor,GOTO24giu,PS24lrr,ZTF24abrpmef",350.877440171,18.8987696901,0.02,2024-09-28 09:52:11.136,18.906,SN II
SN2024xay,"GOTO24got,ATLAS24ovj,ZTF24ablngnq",107.6741954,14.7128799,0.045,2024-09-22 18:20:09.600,18.68,SN II
SN2024xdq,"ATLAS24ott,GOTO24grv,PS24jjr,ZTF24abltcrf",52.6438743052,32.6718830577,0.023,2024-10-02 14:05:40.992,19.164,SN II
SN2024xfv,"ATLAS24oxv,ZTF24ablstem,GOTO24gyd",51.2511792,25.9563641,0.035,2024-10-02 13:58:09.984,19.528,SN II
SN2024xhj,"ATLAS24pag,ZTF24ablflur,GOTO24gxm",248.9023992,48.7338255,0.03,2024-10-04 05:45:31.680,18.145,SN II
SN2024xkd,"GOTO24gve,ZTF24abmkros,ATLAS24pxj,PS24mho",135.067051355,35.7259410783,0.010264,2024-10-06 04:41:52.800,18.84,SN II
SN2024xle,"GOTO24gwj,ATLAS24pfp,ZTF24abmbvky,PS24jzo",7.29619724543,10.5970563289,0.0324489,2024-10-05 03:08:18.528,19.46,SN II
SN2024xlh,"ATLAS24pdv,GOTO24gyo,ZTF24ablrvpg,PS24jrj",35.0805528827,32.0036568295,0.03,2024-10-06 10:59:02.688,18.676,SN II
SN2024xnn,"ATLAS24pev,ZTF24ablfyfu,GOTO24hgh",258.0818061,47.4022608,0.037,2024-10-08 05:49:16.320,18.407,SN II
SN2024xnt,"ZTF24ablergc,ZTF24abqrmng",150.3193716,-0.0301266,0.032706,2024-10-03 12:32:34.998,19.0423,SN II
SN2024xrn,"GOTO24gze,ZTF24ablkvjn,ATLAS24phm,PS24oew",123.891005107,75.7378140417,0.026,2024-10-05 03:18:18.144,19.25,SN II
SN2024xrx,"ZTF24ablxiwv,GOTO24har,ATLAS24pgq,PS24jxy,BGEM J013050.05+255457.3",22.708583,25.915936,0.037376,2024-10-10 08:07:31.998,19.142,SN II
SN2024xsa,"Gaia24cwo,ZTF24abtdixv,ATLAS24qlu,PS24mwk",201.181667,44.8954,0.017243,2024-09-21 04:48:00.000,19.62,SN II
SN2024xte,"ZTF24ablvshn,GOTO24hdw",336.1317584,-27.7651384,0.0273,2024-10-10 04:56:51.999,16.8573,SN II
SN2024xvr,"ZTF24ablkvvn,ATLAS24phi,GOTO24hbf",133.4483478,73.2803616,0.018,2024-10-09 12:16:59.001,16.9326,SN II
SN2024xyh,"ZTF24abmuhbu,ATLAS24qqa,GOTO24isa,PS24mli",165.274898579,1.86864313618,0.039487,2024-10-12 12:47:00.000,19.284,SN II
SN2024xyz,"ATLAS24pht,Gaia24cyz,ZTF24abokdnf,GOTO24hxr,PS24ndr",146.587042,-9.728919,0.0187,2024-10-13 14:46:46.848,18.522,SN II
SN2024yhc,"ZTF24abltwsk,PS24oeo",55.7495414143,38.2656252002,0.04,2024-10-09 10:19:14.998,19.4925,SN II
SN2024ykk,"ZTF24abnhusw,ATLAS24plf,GOTO24hjv,PS24kfy,Gaia24dmn",344.420708,-10.465831,0.025001,2024-10-16 08:05:07.002,18.249,SN II
SN2024yko,"ZTF24abnoozs,GOTO24hgy,ATLAS24pun,PS24mke",137.202873864,58.5206983026,0.04,2024-10-19 09:38:32.997,19.033,SN II
SN2024ynn,"ZTF24abnepdg,ATLAS24ppm,PS24kfk,GOTO24hls,BGEM J042309.79-023112.8",65.790813,-2.520244,0.03,2024-10-15 11:05:22.001,19.6525,SN II
SN2024yr,"ATLAS24ask,Gaia24ais,ZTF24aaekmnz,PS24ara,BGEM J155935.15-130912.4",239.896375,-13.153481,0.02,2024-01-13 15:20:00.960,17.818,SN II
SN2024yrq,"KATS24U003,PS21oqj,ZTF24abnsdfm,GOTO24hvu,ATLAS24qeu,Gaia24dmo",176.439917,14.24345,0.04,2024-10-21 23:24:39.744,16.77,SN II
SN2024yrs,"GOTO24hhc,ATLAS24pmw,ZTF24abnxfrq,Gaia24dej,PS24lss",124.885583,-7.039911,0.016,2024-10-22 05:16:20.352,18.57,SN II
SN2024ywj,"ZTF24abnyans,ATLAS24ppl,GOTO24hon",283.0425233,63.8833005,0.026,2024-10-23 03:14:56.996,19.4526,SN II
SN2024ywp,"ZTF24aboafrj,GOTO24hkn,ATLAS24ppe,PS24nam",5.46642636594,9.25539091035,0.04,2024-10-21 06:12:07.997,20.4168,SN II
SN2024yzk,"ZTF24aazpqhq,GOTO24hsq",26.977135799999996,0.1766814,0.029148,2024-10-23 06:08:54.004,18.7587,SN II
SN2024zmm,"ZTF24aboqfdy,ATLAS24pwu,BGEM J043606.75-014711.1",69.02811950000006,-1.7864765000001674,0.03,2024-10-26 09:31:46.001,19.8279,SN II
SN2024zrr,"GOTO24hrf,ZTF24abqfcep",173.5519064,34.3108514,0.029907,2024-10-24 05:57:56.448,17.86,SN II
SN2024zuy,"ZTF24abowptn,ATLAS24pvy,,PS24lsl",12.0074796565,4.71457915198,0.04,2024-10-27 06:18:08.000,19.3124,SN II
SN2024zxe,"GOTO24hxa,ZTF24abqaeat,ATLAS24pxg,PS24kjo",359.207310662,30.7490401536,0.030851,2024-10-28 22:16:16.608,19.52,SN II
